Cache sync 1 at Sun Apr 26 17:41:46 UTC 2026
Cache sync 2 at Sun Apr 26 17:41:46 UTC 2026
Cache sync 3 at Sun Apr 26 17:41:46 UTC 2026
Cache sync 4 at Sun Apr 26 17:41:46 UTC 2026
Cache sync 5 at Sun Apr 26 17:41:46 UTC 2026
Cache sync 6 at Sun Apr 26 17:41:46 UTC 2026
Cache sync 7 at Sun Apr 26 17:41:46 UTC 2026
Cache sync 8 at Sun Apr 26 17:41:46 UTC 2026
Cache sync 9 at Sun Apr 26 17:41:46 UTC 2026
Cache sync 10 at Sun Apr 26 17:41:46 UTC 2026
Cache sync 11 at Sun Apr 26 17:41:46 UTC 2026
Cache sync 12 at Sun Apr 26 17:41:46 UTC 2026
Cache sync 13 at Sun Apr 26 17:41:46 UTC 2026
Cache sync 14 at Sun Apr 26 17:41:46 UTC 2026
Cache sync 15 at Sun Apr 26 17:41:46 UTC 2026
Cache sync 16 at Sun Apr 26 17:41:46 UTC 2026
Cache sync 17 at Sun Apr 26 17:41:46 UTC 2026
Cache sync 18 at Sun Apr 26 17:41:46 UTC 2026
Cache sync 19 at Sun Apr 26 17:41:46 UTC 2026
Cache sync 20 at Sun Apr 26 17:41:46 UTC 2026
Cache sync 21 at Sun Apr 26 17:41:46 UTC 2026
Cache sync 22 at Sun Apr 26 17:41:46 UTC 2026
Cache sync 23 at Sun Apr 26 17:41:46 UTC 2026
Cache sync 24 at Sun Apr 26 17:41:46 UTC 2026
Cache sync 25 at Sun Apr 26 17:41:46 UTC 2026
Cache sync 26 at Sun Apr 26 17:41:46 UTC 2026
Cache sync 27 at Sun Apr 26 17:41:46 UTC 2026
Cache sync 28 at Sun Apr 26 17:41:46 UTC 2026
Cache sync 29 at Sun Apr 26 17:41:46 UTC 2026
Cache sync 30 at Sun Apr 26 17:41:46 UTC 2026
Cache sync 31 at Sun Apr 26 17:41:46 UTC 2026
Cache sync 32 at Sun Apr 26 17:41:46 UTC 2026
Cache sync 33 at Sun Apr 26 17:41:46 UTC 2026
Cache sync 34 at Sun Apr 26 17:41:46 UTC 2026
Cache sync 35 at Sun Apr 26 17:41:46 UTC 2026
Cache sync 36 at Sun Apr 26 17:41:46 UTC 2026
Cache sync 37 at Sun Apr 26 17:41:46 UTC 2026
Cache sync 38 at Sun Apr 26 17:41:46 UTC 2026
Cache sync 39 at Sun Apr 26 17:41:46 UTC 2026
Cache sync 40 at Sun Apr 26 17:41:46 UTC 2026
Cache sync 41 at Sun Apr 26 17:41:46 UTC 2026
Cache sync 42 at Sun Apr 26 17:41:46 UTC 2026
Cache sync 43 at Sun Apr 26 17:41:46 UTC 2026
Cache sync 44 at Sun Apr 26 17:41:46 UTC 2026
Cache sync 45 at Sun Apr 26 17:41:46 UTC 2026
Cache sync 46 at Sun Apr 26 17:41:46 UTC 2026
Cache sync 47 at Sun Apr 26 17:41:46 UTC 2026
Cache sync 48 at Sun Apr 26 17:41:46 UTC 2026
Cache sync 49 at Sun Apr 26 17:41:46 UTC 2026
Cache sync 50 at Sun Apr 26 17:41:46 UTC 2026
Cache sync 51 at Sun Apr 26 17:41:46 UTC 2026
Cache sync 52 at Sun Apr 26 17:41:46 UTC 2026
Cache sync 53 at Sun Apr 26 17:41:46 UTC 2026
Cache sync 54 at Sun Apr 26 17:41:46 UTC 2026
Cache sync 55 at Sun Apr 26 17:41:46 UTC 2026
Cache sync 56 at Sun Apr 26 17:41:46 UTC 2026
Cache sync 57 at Sun Apr 26 17:41:46 UTC 2026
Cache sync 58 at Sun Apr 26 17:41:46 UTC 2026
Cache sync 59 at Sun Apr 26 17:41:46 UTC 2026
Cache sync 60 at Sun Apr 26 17:41:46 UTC 2026
Cache sync 61 at Sun Apr 26 17:41:46 UTC 2026
Cache sync 62 at Sun Apr 26 17:41:46 UTC 2026
Cache sync 63 at Sun Apr 26 17:41:46 UTC 2026
Cache sync 64 at Sun Apr 26 17:41:46 UTC 2026
Cache sync 65 at Sun Apr 26 17:41:46 UTC 2026
Cache sync 66 at Sun Apr 26 17:41:46 UTC 2026
Cache sync 67 at Sun Apr 26 17:41:46 UTC 2026
Cache sync 68 at Sun Apr 26 17:41:46 UTC 2026
Cache sync 69 at Sun Apr 26 17:41:46 UTC 2026
Cache sync 70 at Sun Apr 26 17:41:46 UTC 2026
Cache sync 71 at Sun Apr 26 17:41:46 UTC 2026
Cache sync 72 at Sun Apr 26 17:41:46 UTC 2026
Cache sync 1 at Mon Apr 27 18:05:27 UTC 2026
Cache sync 2 at Mon Apr 27 18:05:27 UTC 2026
Cache sync 3 at Mon Apr 27 18:05:27 UTC 2026
Cache sync 1 at Tue Apr 28 18:20:15 UTC 2026
Cache sync 2 at Tue Apr 28 18:20:15 UTC 2026
Cache sync 3 at Tue Apr 28 18:20:15 UTC 2026
Cache sync 4 at Tue Apr 28 18:20:15 UTC 2026
Cache sync 5 at Tue Apr 28 18:20:15 UTC 2026
Cache sync 6 at Tue Apr 28 18:20:15 UTC 2026
Cache sync 7 at Tue Apr 28 18:20:15 UTC 2026
Cache sync 8 at Tue Apr 28 18:20:15 UTC 2026
Cache sync 9 at Tue Apr 28 18:20:15 UTC 2026
Cache sync 10 at Tue Apr 28 18:20:15 UTC 2026
Cache sync 11 at Tue Apr 28 18:20:15 UTC 2026
Cache sync 12 at Tue Apr 28 18:20:15 UTC 2026
Cache sync 13 at Tue Apr 28 18:20:15 UTC 2026
Cache sync 14 at Tue Apr 28 18:20:15 UTC 2026
Cache sync 15 at Tue Apr 28 18:20:15 UTC 2026
Cache sync 16 at Tue Apr 28 18:20:15 UTC 2026
Cache sync 17 at Tue Apr 28 18:20:15 UTC 2026
Cache sync 18 at Tue Apr 28 18:20:15 UTC 2026
Cache sync 19 at Tue Apr 28 18:20:15 UTC 2026
Cache sync 20 at Tue Apr 28 18:20:15 UTC 2026
Cache sync 21 at Tue Apr 28 18:20:15 UTC 2026
Cache sync 22 at Tue Apr 28 18:20:15 UTC 2026
Cache sync 23 at Tue Apr 28 18:20:15 UTC 2026
Cache sync 24 at Tue Apr 28 18:20:15 UTC 2026
Cache sync 25 at Tue Apr 28 18:20:15 UTC 2026
Cache sync 26 at Tue Apr 28 18:20:15 UTC 2026
Cache sync 27 at Tue Apr 28 18:20:15 UTC 2026
Cache sync 28 at Tue Apr 28 18:20:15 UTC 2026
Cache sync 29 at Tue Apr 28 18:20:15 UTC 2026
Cache sync 30 at Tue Apr 28 18:20:15 UTC 2026
Cache sync 31 at Tue Apr 28 18:20:15 UTC 2026
Cache sync 32 at Tue Apr 28 18:20:15 UTC 2026
Cache sync 33 at Tue Apr 28 18:20:15 UTC 2026
Cache sync 34 at Tue Apr 28 18:20:15 UTC 2026
Cache sync 35 at Tue Apr 28 18:20:15 UTC 2026
Cache sync 36 at Tue Apr 28 18:20:15 UTC 2026
Cache sync 1 at Wed Apr 29 18:13:57 UTC 2026
Cache sync 2 at Wed Apr 29 18:13:57 UTC 2026
Cache sync 3 at Wed Apr 29 18:13:57 UTC 2026
Cache sync 4 at Wed Apr 29 18:13:57 UTC 2026
Cache sync 5 at Wed Apr 29 18:13:57 UTC 2026
Cache sync 6 at Wed Apr 29 18:13:57 UTC 2026
Cache sync 7 at Wed Apr 29 18:13:57 UTC 2026
Cache sync 8 at Wed Apr 29 18:13:57 UTC 2026
Cache sync 9 at Wed Apr 29 18:13:57 UTC 2026
Cache sync 10 at Wed Apr 29 18:13:57 UTC 2026
Cache sync 11 at Wed Apr 29 18:13:57 UTC 2026
Cache sync 12 at Wed Apr 29 18:13:57 UTC 2026
Cache sync 13 at Wed Apr 29 18:13:57 UTC 2026
Cache sync 14 at Wed Apr 29 18:13:57 UTC 2026
Cache sync 15 at Wed Apr 29 18:13:57 UTC 2026
Cache sync 16 at Wed Apr 29 18:13:57 UTC 2026
Cache sync 17 at Wed Apr 29 18:13:57 UTC 2026
Cache sync 18 at Wed Apr 29 18:13:57 UTC 2026
Cache sync 19 at Wed Apr 29 18:13:57 UTC 2026
Cache sync 20 at Wed Apr 29 18:13:57 UTC 2026
Cache sync 21 at Wed Apr 29 18:13:57 UTC 2026
Cache sync 22 at Wed Apr 29 18:13:57 UTC 2026
Cache sync 23 at Wed Apr 29 18:13:57 UTC 2026
Cache sync 24 at Wed Apr 29 18:13:57 UTC 2026
Cache sync 25 at Wed Apr 29 18:13:57 UTC 2026
Cache sync 26 at Wed Apr 29 18:13:57 UTC 2026
Cache sync 27 at Wed Apr 29 18:13:57 UTC 2026
Cache sync 28 at Wed Apr 29 18:13:57 UTC 2026
Cache sync 29 at Wed Apr 29 18:13:57 UTC 2026
Cache sync 30 at Wed Apr 29 18:13:57 UTC 2026
Cache sync 31 at Wed Apr 29 18:13:57 UTC 2026
Cache sync 32 at Wed Apr 29 18:13:57 UTC 2026
Cache sync 33 at Wed Apr 29 18:13:57 UTC 2026
Cache sync 34 at Wed Apr 29 18:13:57 UTC 2026
Cache sync 35 at Wed Apr 29 18:13:57 UTC 2026
Cache sync 36 at Wed Apr 29 18:13:57 UTC 2026
Cache sync 37 at Wed Apr 29 18:13:57 UTC 2026
Cache sync 38 at Wed Apr 29 18:13:57 UTC 2026
Cache sync 39 at Wed Apr 29 18:13:57 UTC 2026
Cache sync 40 at Wed Apr 29 18:13:57 UTC 2026
Cache sync 41 at Wed Apr 29 18:13:57 UTC 2026
Cache sync 42 at Wed Apr 29 18:13:57 UTC 2026
Cache sync 43 at Wed Apr 29 18:13:57 UTC 2026
Cache sync 44 at Wed Apr 29 18:13:57 UTC 2026
Cache sync 45 at Wed Apr 29 18:13:57 UTC 2026
Cache sync 46 at Wed Apr 29 18:13:57 UTC 2026
Cache sync 47 at Wed Apr 29 18:13:57 UTC 2026
Cache sync 48 at Wed Apr 29 18:13:57 UTC 2026
Cache sync 49 at Wed Apr 29 18:13:57 UTC 2026
Cache sync 50 at Wed Apr 29 18:13:57 UTC 2026
Cache sync 51 at Wed Apr 29 18:13:57 UTC 2026
Cache sync 52 at Wed Apr 29 18:13:57 UTC 2026
Cache sync 53 at Wed Apr 29 18:13:57 UTC 2026
Cache sync 54 at Wed Apr 29 18:13:57 UTC 2026
Cache sync 55 at Wed Apr 29 18:13:57 UTC 2026
Cache sync 56 at Wed Apr 29 18:13:57 UTC 2026
Cache sync 57 at Wed Apr 29 18:13:57 UTC 2026
Cache sync 58 at Wed Apr 29 18:13:57 UTC 2026
Cache sync 59 at Wed Apr 29 18:13:57 UTC 2026
Cache sync 60 at Wed Apr 29 18:13:57 UTC 2026
Cache sync 61 at Wed Apr 29 18:13:57 UTC 2026
Cache sync 62 at Wed Apr 29 18:13:57 UTC 2026
Cache sync 63 at Wed Apr 29 18:13:57 UTC 2026
Cache sync 64 at Wed Apr 29 18:13:57 UTC 2026
Cache sync 65 at Wed Apr 29 18:13:57 UTC 2026
Cache sync 1 at Thu Apr 30 18:12:29 UTC 2026
Cache sync 2 at Thu Apr 30 18:12:29 UTC 2026
Cache sync 3 at Thu Apr 30 18:12:29 UTC 2026
Cache sync 4 at Thu Apr 30 18:12:29 UTC 2026
Cache sync 5 at Thu Apr 30 18:12:29 UTC 2026
Cache sync 6 at Thu Apr 30 18:12:29 UTC 2026
Cache sync 7 at Thu Apr 30 18:12:29 UTC 2026
Cache sync 8 at Thu Apr 30 18:12:29 UTC 2026
Cache sync 9 at Thu Apr 30 18:12:29 UTC 2026
Cache sync 10 at Thu Apr 30 18:12:29 UTC 2026
Cache sync 11 at Thu Apr 30 18:12:29 UTC 2026
Cache sync 12 at Thu Apr 30 18:12:29 UTC 2026
Cache sync 13 at Thu Apr 30 18:12:29 UTC 2026
Cache sync 14 at Thu Apr 30 18:12:29 UTC 2026
Cache sync 15 at Thu Apr 30 18:12:29 UTC 2026
Cache sync 16 at Thu Apr 30 18:12:29 UTC 2026
Cache sync 17 at Thu Apr 30 18:12:29 UTC 2026
Cache sync 18 at Thu Apr 30 18:12:29 UTC 2026
Cache sync 19 at Thu Apr 30 18:12:29 UTC 2026
Cache sync 20 at Thu Apr 30 18:12:29 UTC 2026
Cache sync 21 at Thu Apr 30 18:12:29 UTC 2026
Cache sync 22 at Thu Apr 30 18:12:29 UTC 2026
Cache sync 23 at Thu Apr 30 18:12:29 UTC 2026
Cache sync 24 at Thu Apr 30 18:12:29 UTC 2026
Cache sync 25 at Thu Apr 30 18:12:29 UTC 2026
Cache sync 26 at Thu Apr 30 18:12:29 UTC 2026
Cache sync 27 at Thu Apr 30 18:12:29 UTC 2026
Cache sync 28 at Thu Apr 30 18:12:29 UTC 2026
Cache sync 29 at Thu Apr 30 18:12:29 UTC 2026
Cache sync 30 at Thu Apr 30 18:12:29 UTC 2026
Cache sync 31 at Thu Apr 30 18:12:29 UTC 2026
Cache sync 32 at Thu Apr 30 18:12:29 UTC 2026
Cache sync 33 at Thu Apr 30 18:12:29 UTC 2026
Cache sync 34 at Thu Apr 30 18:12:29 UTC 2026
Cache sync 35 at Thu Apr 30 18:12:29 UTC 2026
Cache sync 36 at Thu Apr 30 18:12:29 UTC 2026
Cache sync 37 at Thu Apr 30 18:12:29 UTC 2026
Cache sync 38 at Thu Apr 30 18:12:29 UTC 2026
Cache sync 39 at Thu Apr 30 18:12:29 UTC 2026
Cache sync 40 at Thu Apr 30 18:12:29 UTC 2026
Cache sync 41 at Thu Apr 30 18:12:29 UTC 2026
Cache sync 42 at Thu Apr 30 18:12:29 UTC 2026
Cache sync 43 at Thu Apr 30 18:12:29 UTC 2026
Cache sync 44 at Thu Apr 30 18:12:29 UTC 2026
Cache sync 45 at Thu Apr 30 18:12:29 UTC 2026
Cache sync 46 at Thu Apr 30 18:12:29 UTC 2026
Cache sync 47 at Thu Apr 30 18:12:29 UTC 2026
Cache sync 48 at Thu Apr 30 18:12:29 UTC 2026
Cache sync 49 at Thu Apr 30 18:12:29 UTC 2026
Cache sync 50 at Thu Apr 30 18:12:29 UTC 2026
Cache sync 51 at Thu Apr 30 18:12:29 UTC 2026
Cache sync 52 at Thu Apr 30 18:12:29 UTC 2026
Cache sync 53 at Thu Apr 30 18:12:29 UTC 2026
Cache sync 54 at Thu Apr 30 18:12:29 UTC 2026
Cache sync 55 at Thu Apr 30 18:12:29 UTC 2026
Cache sync 56 at Thu Apr 30 18:12:29 UTC 2026
Cache sync 57 at Thu Apr 30 18:12:29 UTC 2026
Cache sync 58 at Thu Apr 30 18:12:29 UTC 2026
Cache sync 59 at Thu Apr 30 18:12:29 UTC 2026
Cache sync 60 at Thu Apr 30 18:12:29 UTC 2026
Cache sync 61 at Thu Apr 30 18:12:29 UTC 2026
Cache sync 62 at Thu Apr 30 18:12:29 UTC 2026
Cache sync 63 at Thu Apr 30 18:12:29 UTC 2026
Cache sync 64 at Thu Apr 30 18:12:29 UTC 2026
Cache sync 65 at Thu Apr 30 18:12:29 UTC 2026
Cache sync 66 at Thu Apr 30 18:12:29 UTC 2026
Cache sync 67 at Thu Apr 30 18:12:29 UTC 2026
Cache sync 1 at Fri May  1 18:00:49 UTC 2026
Cache sync 2 at Fri May  1 18:00:49 UTC 2026
Cache sync 3 at Fri May  1 18:00:49 UTC 2026
Cache sync 4 at Fri May  1 18:00:49 UTC 2026
Cache sync 5 at Fri May  1 18:00:49 UTC 2026
Cache sync 6 at Fri May  1 18:00:49 UTC 2026
Cache sync 7 at Fri May  1 18:00:49 UTC 2026
Cache sync 8 at Fri May  1 18:00:49 UTC 2026
Cache sync 9 at Fri May  1 18:00:49 UTC 2026
Cache sync 10 at Fri May  1 18:00:49 UTC 2026
Cache sync 11 at Fri May  1 18:00:49 UTC 2026
Cache sync 12 at Fri May  1 18:00:49 UTC 2026
Cache sync 13 at Fri May  1 18:00:49 UTC 2026
Cache sync 14 at Fri May  1 18:00:49 UTC 2026
Cache sync 15 at Fri May  1 18:00:49 UTC 2026
Cache sync 16 at Fri May  1 18:00:49 UTC 2026
Cache sync 17 at Fri May  1 18:00:49 UTC 2026
Cache sync 18 at Fri May  1 18:00:49 UTC 2026
Cache sync 19 at Fri May  1 18:00:49 UTC 2026
Cache sync 20 at Fri May  1 18:00:50 UTC 2026
Cache sync 21 at Fri May  1 18:00:50 UTC 2026
Cache sync 22 at Fri May  1 18:00:50 UTC 2026
Cache sync 23 at Fri May  1 18:00:50 UTC 2026
Cache sync 24 at Fri May  1 18:00:50 UTC 2026
Cache sync 25 at Fri May  1 18:00:50 UTC 2026
Cache sync 26 at Fri May  1 18:00:50 UTC 2026
Cache sync 27 at Fri May  1 18:00:50 UTC 2026
Cache sync 28 at Fri May  1 18:00:50 UTC 2026
Cache sync 29 at Fri May  1 18:00:50 UTC 2026
Cache sync 30 at Fri May  1 18:00:50 UTC 2026
Cache sync 31 at Fri May  1 18:00:50 UTC 2026
Cache sync 32 at Fri May  1 18:00:50 UTC 2026
Cache sync 33 at Fri May  1 18:00:50 UTC 2026
Cache sync 34 at Fri May  1 18:00:50 UTC 2026
Cache sync 35 at Fri May  1 18:00:50 UTC 2026
Cache sync 36 at Fri May  1 18:00:50 UTC 2026
Cache sync 37 at Fri May  1 18:00:50 UTC 2026
Cache sync 38 at Fri May  1 18:00:50 UTC 2026
Cache sync 39 at Fri May  1 18:00:50 UTC 2026
Cache sync 40 at Fri May  1 18:00:50 UTC 2026
Cache sync 41 at Fri May  1 18:00:50 UTC 2026
Cache sync 42 at Fri May  1 18:00:50 UTC 2026
Cache sync 43 at Fri May  1 18:00:50 UTC 2026
Cache sync 44 at Fri May  1 18:00:50 UTC 2026
Cache sync 45 at Fri May  1 18:00:50 UTC 2026
Cache sync 46 at Fri May  1 18:00:50 UTC 2026
Cache sync 47 at Fri May  1 18:00:50 UTC 2026
Cache sync 48 at Fri May  1 18:00:50 UTC 2026
Cache sync 49 at Fri May  1 18:00:50 UTC 2026
Cache sync 50 at Fri May  1 18:00:50 UTC 2026
Cache sync 51 at Fri May  1 18:00:50 UTC 2026
Cache sync 52 at Fri May  1 18:00:50 UTC 2026
Cache sync 53 at Fri May  1 18:00:50 UTC 2026
Cache sync 54 at Fri May  1 18:00:50 UTC 2026
Cache sync 55 at Fri May  1 18:00:50 UTC 2026
Cache sync 56 at Fri May  1 18:00:50 UTC 2026
Cache sync 57 at Fri May  1 18:00:50 UTC 2026
Cache sync 58 at Fri May  1 18:00:50 UTC 2026
Cache sync 59 at Fri May  1 18:00:50 UTC 2026
Cache sync 60 at Fri May  1 18:00:50 UTC 2026
Cache sync 61 at Fri May  1 18:00:50 UTC 2026
Cache sync 62 at Fri May  1 18:00:50 UTC 2026
Cache sync 63 at Fri May  1 18:00:50 UTC 2026
Cache sync 64 at Fri May  1 18:00:50 UTC 2026
Cache sync 65 at Fri May  1 18:00:50 UTC 2026
Cache sync 66 at Fri May  1 18:00:50 UTC 2026
Cache sync 67 at Fri May  1 18:00:50 UTC 2026
Cache sync 68 at Fri May  1 18:00:50 UTC 2026
Cache sync 69 at Fri May  1 18:00:50 UTC 2026
Cache sync 70 at Fri May  1 18:00:50 UTC 2026
Cache sync 71 at Fri May  1 18:00:50 UTC 2026
Cache sync 72 at Fri May  1 18:00:50 UTC 2026
Cache sync 73 at Fri May  1 18:00:50 UTC 2026
Cache sync 74 at Fri May  1 18:00:50 UTC 2026
Cache sync 75 at Fri May  1 18:00:50 UTC 2026
Cache sync 76 at Fri May  1 18:00:50 UTC 2026
Cache sync 77 at Fri May  1 18:00:50 UTC 2026
Cache sync 1 at Sat May  2 17:48:39 UTC 2026
Cache sync 2 at Sat May  2 17:48:39 UTC 2026
Cache sync 3 at Sat May  2 17:48:39 UTC 2026
Cache sync 4 at Sat May  2 17:48:39 UTC 2026
Cache sync 5 at Sat May  2 17:48:39 UTC 2026
Cache sync 6 at Sat May  2 17:48:39 UTC 2026
Cache sync 7 at Sat May  2 17:48:39 UTC 2026
Cache sync 8 at Sat May  2 17:48:39 UTC 2026
Cache sync 9 at Sat May  2 17:48:39 UTC 2026
Cache sync 10 at Sat May  2 17:48:39 UTC 2026
Cache sync 11 at Sat May  2 17:48:39 UTC 2026
Cache sync 12 at Sat May  2 17:48:39 UTC 2026
Cache sync 13 at Sat May  2 17:48:39 UTC 2026
Cache sync 14 at Sat May  2 17:48:39 UTC 2026
Cache sync 15 at Sat May  2 17:48:39 UTC 2026
Cache sync 16 at Sat May  2 17:48:39 UTC 2026
Cache sync 17 at Sat May  2 17:48:39 UTC 2026
Cache sync 18 at Sat May  2 17:48:39 UTC 2026
Cache sync 19 at Sat May  2 17:48:39 UTC 2026
Cache sync 20 at Sat May  2 17:48:39 UTC 2026
Cache sync 21 at Sat May  2 17:48:39 UTC 2026
Cache sync 22 at Sat May  2 17:48:39 UTC 2026
Cache sync 23 at Sat May  2 17:48:39 UTC 2026
Cache sync 24 at Sat May  2 17:48:39 UTC 2026
Cache sync 25 at Sat May  2 17:48:39 UTC 2026
Cache sync 26 at Sat May  2 17:48:39 UTC 2026
Cache sync 27 at Sat May  2 17:48:39 UTC 2026
Cache sync 28 at Sat May  2 17:48:39 UTC 2026
Cache sync 29 at Sat May  2 17:48:39 UTC 2026
Cache sync 30 at Sat May  2 17:48:39 UTC 2026
Cache sync 31 at Sat May  2 17:48:39 UTC 2026
Cache sync 32 at Sat May  2 17:48:39 UTC 2026
Cache sync 33 at Sat May  2 17:48:39 UTC 2026
Cache sync 34 at Sat May  2 17:48:39 UTC 2026
Cache sync 35 at Sat May  2 17:48:39 UTC 2026
Cache sync 36 at Sat May  2 17:48:39 UTC 2026
Cache sync 37 at Sat May  2 17:48:39 UTC 2026
Cache sync 38 at Sat May  2 17:48:39 UTC 2026
Cache sync 39 at Sat May  2 17:48:39 UTC 2026
Cache sync 40 at Sat May  2 17:48:39 UTC 2026
Cache sync 41 at Sat May  2 17:48:39 UTC 2026
Cache sync 42 at Sat May  2 17:48:39 UTC 2026
Cache sync 43 at Sat May  2 17:48:39 UTC 2026
Cache sync 44 at Sat May  2 17:48:39 UTC 2026
Cache sync 45 at Sat May  2 17:48:39 UTC 2026
Cache sync 46 at Sat May  2 17:48:39 UTC 2026
Cache sync 47 at Sat May  2 17:48:39 UTC 2026
Cache sync 48 at Sat May  2 17:48:39 UTC 2026
Cache sync 49 at Sat May  2 17:48:39 UTC 2026
Cache sync 50 at Sat May  2 17:48:39 UTC 2026
Cache sync 1 at Sun May  3 17:50:22 UTC 2026
Cache sync 2 at Sun May  3 17:50:22 UTC 2026
Cache sync 3 at Sun May  3 17:50:22 UTC 2026
Cache sync 4 at Sun May  3 17:50:22 UTC 2026
Cache sync 5 at Sun May  3 17:50:22 UTC 2026
Cache sync 6 at Sun May  3 17:50:22 UTC 2026
Cache sync 7 at Sun May  3 17:50:22 UTC 2026
Cache sync 8 at Sun May  3 17:50:22 UTC 2026
Cache sync 9 at Sun May  3 17:50:22 UTC 2026
Cache sync 10 at Sun May  3 17:50:22 UTC 2026
Cache sync 11 at Sun May  3 17:50:22 UTC 2026
Cache sync 12 at Sun May  3 17:50:22 UTC 2026
Cache sync 13 at Sun May  3 17:50:22 UTC 2026
Cache sync 14 at Sun May  3 17:50:22 UTC 2026
Cache sync 15 at Sun May  3 17:50:22 UTC 2026
Cache sync 16 at Sun May  3 17:50:22 UTC 2026
Cache sync 17 at Sun May  3 17:50:22 UTC 2026
Cache sync 18 at Sun May  3 17:50:22 UTC 2026
Cache sync 19 at Sun May  3 17:50:22 UTC 2026
Cache sync 20 at Sun May  3 17:50:22 UTC 2026
Cache sync 21 at Sun May  3 17:50:22 UTC 2026
Cache sync 22 at Sun May  3 17:50:22 UTC 2026
Cache sync 23 at Sun May  3 17:50:22 UTC 2026
Cache sync 24 at Sun May  3 17:50:22 UTC 2026
Cache sync 25 at Sun May  3 17:50:22 UTC 2026
Cache sync 26 at Sun May  3 17:50:22 UTC 2026
Cache sync 27 at Sun May  3 17:50:22 UTC 2026
Cache sync 28 at Sun May  3 17:50:22 UTC 2026
Cache sync 29 at Sun May  3 17:50:22 UTC 2026
Cache sync 30 at Sun May  3 17:50:22 UTC 2026
Cache sync 31 at Sun May  3 17:50:22 UTC 2026
Cache sync 32 at Sun May  3 17:50:22 UTC 2026
Cache sync 33 at Sun May  3 17:50:22 UTC 2026
Cache sync 34 at Sun May  3 17:50:23 UTC 2026
Cache sync 35 at Sun May  3 17:50:23 UTC 2026
Cache sync 36 at Sun May  3 17:50:23 UTC 2026
Cache sync 37 at Sun May  3 17:50:23 UTC 2026
Cache sync 38 at Sun May  3 17:50:23 UTC 2026
Cache sync 39 at Sun May  3 17:50:23 UTC 2026
Cache sync 40 at Sun May  3 17:50:23 UTC 2026
Cache sync 41 at Sun May  3 17:50:23 UTC 2026
Cache sync 42 at Sun May  3 17:50:23 UTC 2026
Cache sync 1 at Mon May  4 18:17:17 UTC 2026
Cache sync 2 at Mon May  4 18:17:17 UTC 2026
Cache sync 3 at Mon May  4 18:17:17 UTC 2026
Cache sync 4 at Mon May  4 18:17:17 UTC 2026
Cache sync 5 at Mon May  4 18:17:17 UTC 2026
Cache sync 6 at Mon May  4 18:17:17 UTC 2026
Cache sync 7 at Mon May  4 18:17:17 UTC 2026
Cache sync 8 at Mon May  4 18:17:17 UTC 2026
Cache sync 9 at Mon May  4 18:17:17 UTC 2026
Cache sync 10 at Mon May  4 18:17:17 UTC 2026
Cache sync 11 at Mon May  4 18:17:17 UTC 2026
Cache sync 12 at Mon May  4 18:17:17 UTC 2026
Cache sync 13 at Mon May  4 18:17:17 UTC 2026
Cache sync 14 at Mon May  4 18:17:18 UTC 2026
Cache sync 15 at Mon May  4 18:17:18 UTC 2026
Cache sync 16 at Mon May  4 18:17:18 UTC 2026
Cache sync 17 at Mon May  4 18:17:18 UTC 2026
Cache sync 18 at Mon May  4 18:17:18 UTC 2026
Cache sync 19 at Mon May  4 18:17:18 UTC 2026
Cache sync 20 at Mon May  4 18:17:18 UTC 2026
Cache sync 21 at Mon May  4 18:17:18 UTC 2026
Cache sync 22 at Mon May  4 18:17:18 UTC 2026
Cache sync 23 at Mon May  4 18:17:18 UTC 2026
Cache sync 24 at Mon May  4 18:17:18 UTC 2026
Cache sync 25 at Mon May  4 18:17:18 UTC 2026
Cache sync 26 at Mon May  4 18:17:18 UTC 2026
Cache sync 27 at Mon May  4 18:17:18 UTC 2026
Cache sync 28 at Mon May  4 18:17:18 UTC 2026
Cache sync 29 at Mon May  4 18:17:18 UTC 2026
Cache sync 30 at Mon May  4 18:17:18 UTC 2026
Cache sync 31 at Mon May  4 18:17:18 UTC 2026
Cache sync 32 at Mon May  4 18:17:18 UTC 2026
Cache sync 33 at Mon May  4 18:17:18 UTC 2026
Cache sync 34 at Mon May  4 18:17:18 UTC 2026
Cache sync 35 at Mon May  4 18:17:18 UTC 2026
Cache sync 36 at Mon May  4 18:17:18 UTC 2026
Cache sync 37 at Mon May  4 18:17:18 UTC 2026
Cache sync 38 at Mon May  4 18:17:18 UTC 2026
Cache sync 39 at Mon May  4 18:17:18 UTC 2026
Cache sync 40 at Mon May  4 18:17:18 UTC 2026
Cache sync 41 at Mon May  4 18:17:18 UTC 2026
Cache sync 42 at Mon May  4 18:17:18 UTC 2026
Cache sync 43 at Mon May  4 18:17:18 UTC 2026
Cache sync 44 at Mon May  4 18:17:18 UTC 2026
Cache sync 45 at Mon May  4 18:17:18 UTC 2026
Cache sync 46 at Mon May  4 18:17:18 UTC 2026
Cache sync 47 at Mon May  4 18:17:18 UTC 2026
Cache sync 48 at Mon May  4 18:17:18 UTC 2026
Cache sync 49 at Mon May  4 18:17:18 UTC 2026
Cache sync 50 at Mon May  4 18:17:18 UTC 2026
Cache sync 51 at Mon May  4 18:17:18 UTC 2026
Cache sync 52 at Mon May  4 18:17:18 UTC 2026
Cache sync 53 at Mon May  4 18:17:18 UTC 2026
Cache sync 54 at Mon May  4 18:17:18 UTC 2026
Cache sync 55 at Mon May  4 18:17:18 UTC 2026
Cache sync 56 at Mon May  4 18:17:18 UTC 2026
Cache sync 57 at Mon May  4 18:17:18 UTC 2026
Cache sync 58 at Mon May  4 18:17:18 UTC 2026
Cache sync 59 at Mon May  4 18:17:18 UTC 2026
Cache sync 60 at Mon May  4 18:17:18 UTC 2026
Cache sync 61 at Mon May  4 18:17:18 UTC 2026
Cache sync 62 at Mon May  4 18:17:18 UTC 2026
Cache sync 63 at Mon May  4 18:17:18 UTC 2026
Cache sync 64 at Mon May  4 18:17:18 UTC 2026
Cache sync 65 at Mon May  4 18:17:18 UTC 2026
Cache sync 66 at Mon May  4 18:17:18 UTC 2026
Cache sync 67 at Mon May  4 18:17:18 UTC 2026
Cache sync 68 at Mon May  4 18:17:18 UTC 2026
Cache sync 69 at Mon May  4 18:17:18 UTC 2026
Cache sync 70 at Mon May  4 18:17:18 UTC 2026
Cache sync 71 at Mon May  4 18:17:18 UTC 2026
Cache sync 72 at Mon May  4 18:17:18 UTC 2026
Cache sync 73 at Mon May  4 18:17:18 UTC 2026
Cache sync 74 at Mon May  4 18:17:18 UTC 2026
Cache sync 75 at Mon May  4 18:17:18 UTC 2026
Cache sync 76 at Mon May  4 18:17:18 UTC 2026
Cache sync 77 at Mon May  4 18:17:18 UTC 2026
Cache sync 78 at Mon May  4 18:17:19 UTC 2026
Cache sync 79 at Mon May  4 18:17:19 UTC 2026
Cache sync 80 at Mon May  4 18:17:19 UTC 2026
Cache sync 81 at Mon May  4 18:17:19 UTC 2026
Cache sync 82 at Mon May  4 18:17:19 UTC 2026
Cache sync 83 at Mon May  4 18:17:19 UTC 2026
Cache sync 1 at Tue May  5 18:12:55 UTC 2026
Cache sync 2 at Tue May  5 18:12:55 UTC 2026
Cache sync 3 at Tue May  5 18:12:55 UTC 2026
Cache sync 4 at Tue May  5 18:12:55 UTC 2026
Cache sync 5 at Tue May  5 18:12:55 UTC 2026
Cache sync 6 at Tue May  5 18:12:55 UTC 2026
Cache sync 7 at Tue May  5 18:12:55 UTC 2026
Cache sync 8 at Tue May  5 18:12:55 UTC 2026
Cache sync 9 at Tue May  5 18:12:55 UTC 2026
Cache sync 10 at Tue May  5 18:12:55 UTC 2026
Cache sync 11 at Tue May  5 18:12:55 UTC 2026
Cache sync 12 at Tue May  5 18:12:55 UTC 2026
Cache sync 13 at Tue May  5 18:12:55 UTC 2026
Cache sync 14 at Tue May  5 18:12:55 UTC 2026
Cache sync 15 at Tue May  5 18:12:55 UTC 2026
Cache sync 16 at Tue May  5 18:12:55 UTC 2026
Cache sync 17 at Tue May  5 18:12:55 UTC 2026
Cache sync 18 at Tue May  5 18:12:55 UTC 2026
Cache sync 19 at Tue May  5 18:12:55 UTC 2026
Cache sync 20 at Tue May  5 18:12:55 UTC 2026
Cache sync 21 at Tue May  5 18:12:55 UTC 2026
Cache sync 22 at Tue May  5 18:12:55 UTC 2026
Cache sync 23 at Tue May  5 18:12:55 UTC 2026
Cache sync 24 at Tue May  5 18:12:55 UTC 2026
Cache sync 25 at Tue May  5 18:12:55 UTC 2026
Cache sync 26 at Tue May  5 18:12:55 UTC 2026
Cache sync 27 at Tue May  5 18:12:55 UTC 2026
Cache sync 28 at Tue May  5 18:12:55 UTC 2026
Cache sync 29 at Tue May  5 18:12:55 UTC 2026
Cache sync 30 at Tue May  5 18:12:55 UTC 2026
Cache sync 31 at Tue May  5 18:12:55 UTC 2026
Cache sync 1 at Thu May  7 18:27:06 UTC 2026
Cache sync 2 at Thu May  7 18:27:06 UTC 2026
Cache sync 3 at Thu May  7 18:27:06 UTC 2026
Cache sync 4 at Thu May  7 18:27:06 UTC 2026
Cache sync 5 at Thu May  7 18:27:06 UTC 2026
Cache sync 6 at Thu May  7 18:27:06 UTC 2026
Cache sync 7 at Thu May  7 18:27:06 UTC 2026
Cache sync 8 at Thu May  7 18:27:06 UTC 2026
Cache sync 9 at Thu May  7 18:27:06 UTC 2026
Cache sync 10 at Thu May  7 18:27:06 UTC 2026
Cache sync 11 at Thu May  7 18:27:06 UTC 2026
Cache sync 12 at Thu May  7 18:27:06 UTC 2026
Cache sync 13 at Thu May  7 18:27:06 UTC 2026
Cache sync 14 at Thu May  7 18:27:06 UTC 2026
Cache sync 15 at Thu May  7 18:27:06 UTC 2026
Cache sync 16 at Thu May  7 18:27:06 UTC 2026
Cache sync 17 at Thu May  7 18:27:06 UTC 2026
Cache sync 18 at Thu May  7 18:27:06 UTC 2026
Cache sync 19 at Thu May  7 18:27:06 UTC 2026
Cache sync 20 at Thu May  7 18:27:06 UTC 2026
Cache sync 21 at Thu May  7 18:27:06 UTC 2026
Cache sync 22 at Thu May  7 18:27:06 UTC 2026
Cache sync 23 at Thu May  7 18:27:06 UTC 2026
Cache sync 24 at Thu May  7 18:27:06 UTC 2026
Cache sync 25 at Thu May  7 18:27:06 UTC 2026
Cache sync 26 at Thu May  7 18:27:06 UTC 2026
Cache sync 27 at Thu May  7 18:27:06 UTC 2026
Cache sync 28 at Thu May  7 18:27:06 UTC 2026
Cache sync 29 at Thu May  7 18:27:06 UTC 2026
Cache sync 30 at Thu May  7 18:27:06 UTC 2026
Cache sync 1 at Fri May  8 18:12:23 UTC 2026
Cache sync 2 at Fri May  8 18:12:23 UTC 2026
Cache sync 3 at Fri May  8 18:12:23 UTC 2026
Cache sync 4 at Fri May  8 18:12:23 UTC 2026
Cache sync 5 at Fri May  8 18:12:23 UTC 2026
Cache sync 6 at Fri May  8 18:12:23 UTC 2026
Cache sync 7 at Fri May  8 18:12:23 UTC 2026
Cache sync 8 at Fri May  8 18:12:23 UTC 2026
Cache sync 9 at Fri May  8 18:12:23 UTC 2026
Cache sync 10 at Fri May  8 18:12:23 UTC 2026
Cache sync 11 at Fri May  8 18:12:23 UTC 2026
Cache sync 12 at Fri May  8 18:12:23 UTC 2026
Cache sync 13 at Fri May  8 18:12:23 UTC 2026
Cache sync 14 at Fri May  8 18:12:23 UTC 2026
Cache sync 15 at Fri May  8 18:12:23 UTC 2026
Cache sync 16 at Fri May  8 18:12:23 UTC 2026
Cache sync 17 at Fri May  8 18:12:23 UTC 2026
Cache sync 18 at Fri May  8 18:12:23 UTC 2026
Cache sync 19 at Fri May  8 18:12:23 UTC 2026
Cache sync 20 at Fri May  8 18:12:23 UTC 2026
Cache sync 21 at Fri May  8 18:12:23 UTC 2026
Cache sync 22 at Fri May  8 18:12:23 UTC 2026
Cache sync 23 at Fri May  8 18:12:23 UTC 2026
Cache sync 24 at Fri May  8 18:12:23 UTC 2026
Cache sync 25 at Fri May  8 18:12:23 UTC 2026
Cache sync 26 at Fri May  8 18:12:23 UTC 2026
Cache sync 27 at Fri May  8 18:12:23 UTC 2026
Cache sync 28 at Fri May  8 18:12:23 UTC 2026
Cache sync 29 at Fri May  8 18:12:23 UTC 2026
Cache sync 30 at Fri May  8 18:12:23 UTC 2026
Cache sync 31 at Fri May  8 18:12:23 UTC 2026
Cache sync 32 at Fri May  8 18:12:23 UTC 2026
Cache sync 33 at Fri May  8 18:12:23 UTC 2026
Cache sync 34 at Fri May  8 18:12:23 UTC 2026
Cache sync 35 at Fri May  8 18:12:23 UTC 2026
Cache sync 36 at Fri May  8 18:12:23 UTC 2026
Cache sync 37 at Fri May  8 18:12:23 UTC 2026
Cache sync 38 at Fri May  8 18:12:23 UTC 2026
Cache sync 39 at Fri May  8 18:12:23 UTC 2026
Cache sync 40 at Fri May  8 18:12:23 UTC 2026
Cache sync 41 at Fri May  8 18:12:23 UTC 2026
Cache sync 42 at Fri May  8 18:12:23 UTC 2026
Cache sync 43 at Fri May  8 18:12:23 UTC 2026
Cache sync 44 at Fri May  8 18:12:23 UTC 2026
Cache sync 45 at Fri May  8 18:12:23 UTC 2026
Cache sync 46 at Fri May  8 18:12:23 UTC 2026
Cache sync 47 at Fri May  8 18:12:23 UTC 2026
Cache sync 48 at Fri May  8 18:12:23 UTC 2026
Cache sync 49 at Fri May  8 18:12:23 UTC 2026
Cache sync 50 at Fri May  8 18:12:23 UTC 2026
Cache sync 51 at Fri May  8 18:12:23 UTC 2026
Cache sync 52 at Fri May  8 18:12:23 UTC 2026
Cache sync 53 at Fri May  8 18:12:23 UTC 2026
Cache sync 54 at Fri May  8 18:12:23 UTC 2026
Cache sync 55 at Fri May  8 18:12:23 UTC 2026
Cache sync 56 at Fri May  8 18:12:23 UTC 2026
Cache sync 57 at Fri May  8 18:12:23 UTC 2026
Cache sync 58 at Fri May  8 18:12:23 UTC 2026
Cache sync 59 at Fri May  8 18:12:23 UTC 2026
Cache sync 60 at Fri May  8 18:12:23 UTC 2026
Cache sync 61 at Fri May  8 18:12:23 UTC 2026
Cache sync 62 at Fri May  8 18:12:23 UTC 2026
Cache sync 63 at Fri May  8 18:12:23 UTC 2026
Cache sync 64 at Fri May  8 18:12:23 UTC 2026
Cache sync 65 at Fri May  8 18:12:23 UTC 2026
Cache sync 66 at Fri May  8 18:12:23 UTC 2026
Cache sync 67 at Fri May  8 18:12:23 UTC 2026
Cache sync 68 at Fri May  8 18:12:23 UTC 2026
Cache sync 1 at Sat May  9 17:52:39 UTC 2026
Cache sync 2 at Sat May  9 17:52:39 UTC 2026
Cache sync 3 at Sat May  9 17:52:39 UTC 2026
Cache sync 4 at Sat May  9 17:52:39 UTC 2026
Cache sync 5 at Sat May  9 17:52:39 UTC 2026
Cache sync 6 at Sat May  9 17:52:39 UTC 2026
Cache sync 7 at Sat May  9 17:52:39 UTC 2026
Cache sync 8 at Sat May  9 17:52:39 UTC 2026
Cache sync 9 at Sat May  9 17:52:39 UTC 2026
Cache sync 10 at Sat May  9 17:52:39 UTC 2026
Cache sync 11 at Sat May  9 17:52:39 UTC 2026
Cache sync 12 at Sat May  9 17:52:39 UTC 2026
Cache sync 13 at Sat May  9 17:52:39 UTC 2026
Cache sync 14 at Sat May  9 17:52:39 UTC 2026
Cache sync 15 at Sat May  9 17:52:39 UTC 2026
Cache sync 16 at Sat May  9 17:52:39 UTC 2026
Cache sync 17 at Sat May  9 17:52:39 UTC 2026
Cache sync 18 at Sat May  9 17:52:39 UTC 2026
Cache sync 19 at Sat May  9 17:52:39 UTC 2026
Cache sync 20 at Sat May  9 17:52:39 UTC 2026
Cache sync 21 at Sat May  9 17:52:39 UTC 2026
Cache sync 22 at Sat May  9 17:52:39 UTC 2026
Cache sync 23 at Sat May  9 17:52:39 UTC 2026
Cache sync 24 at Sat May  9 17:52:39 UTC 2026
Cache sync 25 at Sat May  9 17:52:39 UTC 2026
Cache sync 26 at Sat May  9 17:52:39 UTC 2026
Cache sync 27 at Sat May  9 17:52:39 UTC 2026
Cache sync 28 at Sat May  9 17:52:39 UTC 2026
Cache sync 29 at Sat May  9 17:52:39 UTC 2026
Cache sync 30 at Sat May  9 17:52:39 UTC 2026
Cache sync 1 at Sun May 10 17:54:04 UTC 2026
Cache sync 2 at Sun May 10 17:54:04 UTC 2026
Cache sync 3 at Sun May 10 17:54:04 UTC 2026
Cache sync 4 at Sun May 10 17:54:04 UTC 2026
Cache sync 5 at Sun May 10 17:54:04 UTC 2026
Cache sync 6 at Sun May 10 17:54:04 UTC 2026
Cache sync 7 at Sun May 10 17:54:04 UTC 2026
Cache sync 8 at Sun May 10 17:54:04 UTC 2026
Cache sync 9 at Sun May 10 17:54:04 UTC 2026
Cache sync 10 at Sun May 10 17:54:04 UTC 2026
Cache sync 11 at Sun May 10 17:54:04 UTC 2026
Cache sync 12 at Sun May 10 17:54:04 UTC 2026
Cache sync 13 at Sun May 10 17:54:04 UTC 2026
Cache sync 14 at Sun May 10 17:54:04 UTC 2026
Cache sync 15 at Sun May 10 17:54:04 UTC 2026
Cache sync 16 at Sun May 10 17:54:04 UTC 2026
Cache sync 17 at Sun May 10 17:54:04 UTC 2026
Cache sync 18 at Sun May 10 17:54:04 UTC 2026
Cache sync 19 at Sun May 10 17:54:04 UTC 2026
Cache sync 20 at Sun May 10 17:54:04 UTC 2026
Cache sync 21 at Sun May 10 17:54:04 UTC 2026
Cache sync 22 at Sun May 10 17:54:04 UTC 2026
Cache sync 23 at Sun May 10 17:54:04 UTC 2026
Cache sync 24 at Sun May 10 17:54:04 UTC 2026
Cache sync 25 at Sun May 10 17:54:04 UTC 2026
Cache sync 26 at Sun May 10 17:54:04 UTC 2026
Cache sync 27 at Sun May 10 17:54:04 UTC 2026
Cache sync 28 at Sun May 10 17:54:04 UTC 2026
Cache sync 29 at Sun May 10 17:54:04 UTC 2026
Cache sync 30 at Sun May 10 17:54:04 UTC 2026
Cache sync 31 at Sun May 10 17:54:04 UTC 2026
Cache sync 32 at Sun May 10 17:54:04 UTC 2026
Cache sync 33 at Sun May 10 17:54:04 UTC 2026
Cache sync 1 at Mon May 11 18:59:13 UTC 2026
Cache sync 2 at Mon May 11 18:59:13 UTC 2026
Cache sync 3 at Mon May 11 18:59:13 UTC 2026
Cache sync 4 at Mon May 11 18:59:13 UTC 2026
Cache sync 5 at Mon May 11 18:59:13 UTC 2026
Cache sync 6 at Mon May 11 18:59:13 UTC 2026
Cache sync 7 at Mon May 11 18:59:13 UTC 2026
Cache sync 8 at Mon May 11 18:59:13 UTC 2026
Cache sync 9 at Mon May 11 18:59:13 UTC 2026
Cache sync 10 at Mon May 11 18:59:13 UTC 2026
Cache sync 11 at Mon May 11 18:59:13 UTC 2026
Cache sync 12 at Mon May 11 18:59:13 UTC 2026
Cache sync 13 at Mon May 11 18:59:13 UTC 2026
Cache sync 14 at Mon May 11 18:59:13 UTC 2026
Cache sync 15 at Mon May 11 18:59:13 UTC 2026
Cache sync 16 at Mon May 11 18:59:13 UTC 2026
Cache sync 17 at Mon May 11 18:59:13 UTC 2026
Cache sync 18 at Mon May 11 18:59:13 UTC 2026
Cache sync 19 at Mon May 11 18:59:13 UTC 2026
Cache sync 20 at Mon May 11 18:59:13 UTC 2026
Cache sync 21 at Mon May 11 18:59:13 UTC 2026
Cache sync 22 at Mon May 11 18:59:13 UTC 2026
Cache sync 23 at Mon May 11 18:59:13 UTC 2026
Cache sync 24 at Mon May 11 18:59:13 UTC 2026
Cache sync 25 at Mon May 11 18:59:13 UTC 2026
Cache sync 26 at Mon May 11 18:59:13 UTC 2026
Cache sync 27 at Mon May 11 18:59:13 UTC 2026
Cache sync 28 at Mon May 11 18:59:13 UTC 2026
Cache sync 29 at Mon May 11 18:59:13 UTC 2026
Cache sync 30 at Mon May 11 18:59:13 UTC 2026
Cache sync 31 at Mon May 11 18:59:13 UTC 2026
Cache sync 32 at Mon May 11 18:59:13 UTC 2026
Cache sync 33 at Mon May 11 18:59:13 UTC 2026
Cache sync 34 at Mon May 11 18:59:13 UTC 2026
Cache sync 35 at Mon May 11 18:59:13 UTC 2026
Cache sync 36 at Mon May 11 18:59:13 UTC 2026
Cache sync 37 at Mon May 11 18:59:13 UTC 2026
Cache sync 38 at Mon May 11 18:59:13 UTC 2026
Cache sync 39 at Mon May 11 18:59:13 UTC 2026
Cache sync 40 at Mon May 11 18:59:13 UTC 2026
Cache sync 41 at Mon May 11 18:59:13 UTC 2026
Cache sync 42 at Mon May 11 18:59:13 UTC 2026
Cache sync 43 at Mon May 11 18:59:13 UTC 2026
Cache sync 44 at Mon May 11 18:59:13 UTC 2026
Cache sync 45 at Mon May 11 18:59:13 UTC 2026
Cache sync 46 at Mon May 11 18:59:13 UTC 2026
Cache sync 47 at Mon May 11 18:59:13 UTC 2026
Cache sync 48 at Mon May 11 18:59:13 UTC 2026
Cache sync 49 at Mon May 11 18:59:13 UTC 2026
Cache sync 50 at Mon May 11 18:59:13 UTC 2026
Cache sync 51 at Mon May 11 18:59:13 UTC 2026
Cache sync 52 at Mon May 11 18:59:13 UTC 2026
Cache sync 53 at Mon May 11 18:59:13 UTC 2026
Cache sync 54 at Mon May 11 18:59:13 UTC 2026
Cache sync 55 at Mon May 11 18:59:13 UTC 2026
Cache sync 56 at Mon May 11 18:59:13 UTC 2026
Cache sync 57 at Mon May 11 18:59:13 UTC 2026
Cache sync 58 at Mon May 11 18:59:13 UTC 2026
Cache sync 59 at Mon May 11 18:59:13 UTC 2026
Cache sync 60 at Mon May 11 18:59:13 UTC 2026
Cache sync 61 at Mon May 11 18:59:13 UTC 2026
Cache sync 1 at Tue May 12 18:58:27 UTC 2026
Cache sync 2 at Tue May 12 18:58:27 UTC 2026
Cache sync 3 at Tue May 12 18:58:27 UTC 2026
Cache sync 4 at Tue May 12 18:58:27 UTC 2026
Cache sync 5 at Tue May 12 18:58:27 UTC 2026
Cache sync 6 at Tue May 12 18:58:27 UTC 2026
Cache sync 7 at Tue May 12 18:58:27 UTC 2026
Cache sync 8 at Tue May 12 18:58:27 UTC 2026
Cache sync 9 at Tue May 12 18:58:27 UTC 2026
Cache sync 10 at Tue May 12 18:58:27 UTC 2026
Cache sync 11 at Tue May 12 18:58:27 UTC 2026
Cache sync 12 at Tue May 12 18:58:27 UTC 2026
Cache sync 13 at Tue May 12 18:58:27 UTC 2026
Cache sync 14 at Tue May 12 18:58:27 UTC 2026
Cache sync 15 at Tue May 12 18:58:27 UTC 2026
Cache sync 16 at Tue May 12 18:58:27 UTC 2026
Cache sync 17 at Tue May 12 18:58:27 UTC 2026
Cache sync 18 at Tue May 12 18:58:27 UTC 2026
Cache sync 19 at Tue May 12 18:58:27 UTC 2026
Cache sync 20 at Tue May 12 18:58:27 UTC 2026
Cache sync 21 at Tue May 12 18:58:27 UTC 2026
Cache sync 22 at Tue May 12 18:58:27 UTC 2026
Cache sync 23 at Tue May 12 18:58:27 UTC 2026
Cache sync 24 at Tue May 12 18:58:27 UTC 2026
Cache sync 25 at Tue May 12 18:58:27 UTC 2026
Cache sync 26 at Tue May 12 18:58:27 UTC 2026
Cache sync 27 at Tue May 12 18:58:27 UTC 2026
Cache sync 28 at Tue May 12 18:58:27 UTC 2026
Cache sync 29 at Tue May 12 18:58:27 UTC 2026
Cache sync 30 at Tue May 12 18:58:27 UTC 2026
Cache sync 31 at Tue May 12 18:58:27 UTC 2026
Cache sync 32 at Tue May 12 18:58:27 UTC 2026
Cache sync 33 at Tue May 12 18:58:27 UTC 2026
Cache sync 34 at Tue May 12 18:58:27 UTC 2026
Cache sync 35 at Tue May 12 18:58:27 UTC 2026
Cache sync 36 at Tue May 12 18:58:27 UTC 2026
Cache sync 37 at Tue May 12 18:58:27 UTC 2026
Cache sync 38 at Tue May 12 18:58:27 UTC 2026
Cache sync 39 at Tue May 12 18:58:27 UTC 2026
Cache sync 40 at Tue May 12 18:58:27 UTC 2026
Cache sync 41 at Tue May 12 18:58:27 UTC 2026
Cache sync 42 at Tue May 12 18:58:27 UTC 2026
Cache sync 43 at Tue May 12 18:58:27 UTC 2026
Cache sync 44 at Tue May 12 18:58:27 UTC 2026
Cache sync 45 at Tue May 12 18:58:27 UTC 2026
Cache sync 46 at Tue May 12 18:58:27 UTC 2026
Cache sync 47 at Tue May 12 18:58:27 UTC 2026
Cache sync 48 at Tue May 12 18:58:27 UTC 2026
Cache sync 49 at Tue May 12 18:58:27 UTC 2026
Cache sync 50 at Tue May 12 18:58:27 UTC 2026
Cache sync 51 at Tue May 12 18:58:27 UTC 2026
Cache sync 52 at Tue May 12 18:58:27 UTC 2026
Cache sync 53 at Tue May 12 18:58:27 UTC 2026
Cache sync 54 at Tue May 12 18:58:27 UTC 2026
Cache sync 55 at Tue May 12 18:58:27 UTC 2026
Cache sync 56 at Tue May 12 18:58:27 UTC 2026
Cache sync 57 at Tue May 12 18:58:27 UTC 2026
Cache sync 58 at Tue May 12 18:58:27 UTC 2026
Cache sync 59 at Tue May 12 18:58:27 UTC 2026
Cache sync 60 at Tue May 12 18:58:27 UTC 2026
Cache sync 61 at Tue May 12 18:58:27 UTC 2026
Cache sync 62 at Tue May 12 18:58:27 UTC 2026
Cache sync 63 at Tue May 12 18:58:27 UTC 2026
Cache sync 64 at Tue May 12 18:58:27 UTC 2026
Cache sync 65 at Tue May 12 18:58:27 UTC 2026
Cache sync 66 at Tue May 12 18:58:27 UTC 2026
Cache sync 67 at Tue May 12 18:58:27 UTC 2026
Cache sync 68 at Tue May 12 18:58:27 UTC 2026
Cache sync 69 at Tue May 12 18:58:27 UTC 2026
Cache sync 1 at Wed May 13 18:57:56 UTC 2026
Cache sync 2 at Wed May 13 18:57:56 UTC 2026
Cache sync 3 at Wed May 13 18:57:56 UTC 2026
Cache sync 4 at Wed May 13 18:57:56 UTC 2026
Cache sync 5 at Wed May 13 18:57:56 UTC 2026
Cache sync 6 at Wed May 13 18:57:56 UTC 2026
Cache sync 7 at Wed May 13 18:57:56 UTC 2026
Cache sync 8 at Wed May 13 18:57:56 UTC 2026
Cache sync 9 at Wed May 13 18:57:56 UTC 2026
Cache sync 10 at Wed May 13 18:57:56 UTC 2026
Cache sync 11 at Wed May 13 18:57:56 UTC 2026
Cache sync 12 at Wed May 13 18:57:56 UTC 2026
Cache sync 13 at Wed May 13 18:57:56 UTC 2026
Cache sync 14 at Wed May 13 18:57:56 UTC 2026
Cache sync 15 at Wed May 13 18:57:56 UTC 2026
Cache sync 16 at Wed May 13 18:57:56 UTC 2026
Cache sync 17 at Wed May 13 18:57:56 UTC 2026
Cache sync 18 at Wed May 13 18:57:56 UTC 2026
Cache sync 19 at Wed May 13 18:57:56 UTC 2026
Cache sync 20 at Wed May 13 18:57:56 UTC 2026
Cache sync 21 at Wed May 13 18:57:56 UTC 2026
Cache sync 22 at Wed May 13 18:57:56 UTC 2026
Cache sync 23 at Wed May 13 18:57:56 UTC 2026
Cache sync 24 at Wed May 13 18:57:56 UTC 2026
Cache sync 25 at Wed May 13 18:57:56 UTC 2026
Cache sync 26 at Wed May 13 18:57:56 UTC 2026
Cache sync 27 at Wed May 13 18:57:56 UTC 2026
Cache sync 28 at Wed May 13 18:57:56 UTC 2026
Cache sync 29 at Wed May 13 18:57:56 UTC 2026
Cache sync 30 at Wed May 13 18:57:56 UTC 2026
Cache sync 31 at Wed May 13 18:57:56 UTC 2026
Cache sync 32 at Wed May 13 18:57:56 UTC 2026
Cache sync 33 at Wed May 13 18:57:56 UTC 2026
Cache sync 34 at Wed May 13 18:57:56 UTC 2026
Cache sync 35 at Wed May 13 18:57:56 UTC 2026
Cache sync 36 at Wed May 13 18:57:56 UTC 2026
Cache sync 37 at Wed May 13 18:57:56 UTC 2026
Cache sync 38 at Wed May 13 18:57:56 UTC 2026
Cache sync 39 at Wed May 13 18:57:56 UTC 2026
Cache sync 40 at Wed May 13 18:57:56 UTC 2026
Cache sync 41 at Wed May 13 18:57:56 UTC 2026
Cache sync 42 at Wed May 13 18:57:56 UTC 2026
Cache sync 43 at Wed May 13 18:57:56 UTC 2026
Cache sync 44 at Wed May 13 18:57:56 UTC 2026
Cache sync 45 at Wed May 13 18:57:56 UTC 2026
Cache sync 46 at Wed May 13 18:57:56 UTC 2026
Cache sync 47 at Wed May 13 18:57:56 UTC 2026
Cache sync 1 at Thu May 14 18:55:17 UTC 2026
Cache sync 2 at Thu May 14 18:55:17 UTC 2026
Cache sync 3 at Thu May 14 18:55:17 UTC 2026
Cache sync 4 at Thu May 14 18:55:17 UTC 2026
Cache sync 5 at Thu May 14 18:55:17 UTC 2026
Cache sync 6 at Thu May 14 18:55:17 UTC 2026
Cache sync 7 at Thu May 14 18:55:17 UTC 2026
Cache sync 8 at Thu May 14 18:55:17 UTC 2026
Cache sync 9 at Thu May 14 18:55:17 UTC 2026
Cache sync 10 at Thu May 14 18:55:17 UTC 2026
Cache sync 11 at Thu May 14 18:55:17 UTC 2026
Cache sync 12 at Thu May 14 18:55:17 UTC 2026
Cache sync 13 at Thu May 14 18:55:17 UTC 2026
Cache sync 14 at Thu May 14 18:55:17 UTC 2026
Cache sync 15 at Thu May 14 18:55:17 UTC 2026
Cache sync 16 at Thu May 14 18:55:17 UTC 2026
Cache sync 17 at Thu May 14 18:55:17 UTC 2026
Cache sync 18 at Thu May 14 18:55:17 UTC 2026
Cache sync 19 at Thu May 14 18:55:17 UTC 2026
Cache sync 20 at Thu May 14 18:55:17 UTC 2026
Cache sync 21 at Thu May 14 18:55:17 UTC 2026
Cache sync 22 at Thu May 14 18:55:17 UTC 2026
Cache sync 23 at Thu May 14 18:55:17 UTC 2026
Cache sync 24 at Thu May 14 18:55:17 UTC 2026
Cache sync 25 at Thu May 14 18:55:17 UTC 2026
Cache sync 26 at Thu May 14 18:55:17 UTC 2026
Cache sync 27 at Thu May 14 18:55:17 UTC 2026
Cache sync 28 at Thu May 14 18:55:17 UTC 2026
Cache sync 29 at Thu May 14 18:55:17 UTC 2026
Cache sync 30 at Thu May 14 18:55:17 UTC 2026
Cache sync 1 at Sat May 16 17:57:06 UTC 2026
Cache sync 2 at Sat May 16 17:57:06 UTC 2026
Cache sync 3 at Sat May 16 17:57:06 UTC 2026
Cache sync 4 at Sat May 16 17:57:06 UTC 2026
Cache sync 5 at Sat May 16 17:57:06 UTC 2026
Cache sync 6 at Sat May 16 17:57:06 UTC 2026
Cache sync 7 at Sat May 16 17:57:06 UTC 2026
Cache sync 8 at Sat May 16 17:57:06 UTC 2026
Cache sync 9 at Sat May 16 17:57:06 UTC 2026
Cache sync 10 at Sat May 16 17:57:06 UTC 2026
Cache sync 11 at Sat May 16 17:57:06 UTC 2026
Cache sync 12 at Sat May 16 17:57:06 UTC 2026
Cache sync 13 at Sat May 16 17:57:06 UTC 2026
Cache sync 14 at Sat May 16 17:57:06 UTC 2026
Cache sync 15 at Sat May 16 17:57:06 UTC 2026
Cache sync 16 at Sat May 16 17:57:06 UTC 2026
Cache sync 17 at Sat May 16 17:57:06 UTC 2026
Cache sync 18 at Sat May 16 17:57:06 UTC 2026
Cache sync 19 at Sat May 16 17:57:06 UTC 2026
Cache sync 20 at Sat May 16 17:57:06 UTC 2026
Cache sync 1 at Mon May 18 18:53:47 UTC 2026
Cache sync 2 at Mon May 18 18:53:47 UTC 2026
Cache sync 3 at Mon May 18 18:53:47 UTC 2026
Cache sync 4 at Mon May 18 18:53:47 UTC 2026
Cache sync 5 at Mon May 18 18:53:47 UTC 2026
Cache sync 6 at Mon May 18 18:53:47 UTC 2026
Cache sync 7 at Mon May 18 18:53:47 UTC 2026
Cache sync 8 at Mon May 18 18:53:47 UTC 2026
Cache sync 9 at Mon May 18 18:53:47 UTC 2026
Cache sync 10 at Mon May 18 18:53:47 UTC 2026
Cache sync 11 at Mon May 18 18:53:47 UTC 2026
Cache sync 12 at Mon May 18 18:53:47 UTC 2026
Cache sync 13 at Mon May 18 18:53:47 UTC 2026
Cache sync 14 at Mon May 18 18:53:47 UTC 2026
Cache sync 15 at Mon May 18 18:53:47 UTC 2026
Cache sync 16 at Mon May 18 18:53:47 UTC 2026
Cache sync 17 at Mon May 18 18:53:47 UTC 2026
Cache sync 18 at Mon May 18 18:53:47 UTC 2026
Cache sync 19 at Mon May 18 18:53:47 UTC 2026
Cache sync 20 at Mon May 18 18:53:47 UTC 2026
Cache sync 21 at Mon May 18 18:53:47 UTC 2026
Cache sync 22 at Mon May 18 18:53:47 UTC 2026
Cache sync 23 at Mon May 18 18:53:47 UTC 2026
Cache sync 24 at Mon May 18 18:53:47 UTC 2026
Cache sync 25 at Mon May 18 18:53:47 UTC 2026
Cache sync 26 at Mon May 18 18:53:47 UTC 2026
Cache sync 27 at Mon May 18 18:53:47 UTC 2026
Cache sync 28 at Mon May 18 18:53:48 UTC 2026
Cache sync 29 at Mon May 18 18:53:48 UTC 2026
Cache sync 30 at Mon May 18 18:53:48 UTC 2026
Cache sync 31 at Mon May 18 18:53:48 UTC 2026
Cache sync 32 at Mon May 18 18:53:48 UTC 2026
Cache sync 33 at Mon May 18 18:53:48 UTC 2026
Cache sync 34 at Mon May 18 18:53:48 UTC 2026
Cache sync 35 at Mon May 18 18:53:48 UTC 2026
Cache sync 36 at Mon May 18 18:53:48 UTC 2026
Cache sync 37 at Mon May 18 18:53:48 UTC 2026
Cache sync 38 at Mon May 18 18:53:48 UTC 2026
Cache sync 39 at Mon May 18 18:53:48 UTC 2026
Cache sync 40 at Mon May 18 18:53:48 UTC 2026
Cache sync 41 at Mon May 18 18:53:48 UTC 2026
Cache sync 42 at Mon May 18 18:53:48 UTC 2026
Cache sync 43 at Mon May 18 18:53:48 UTC 2026
Cache sync 44 at Mon May 18 18:53:48 UTC 2026
Cache sync 45 at Mon May 18 18:53:48 UTC 2026
Cache sync 46 at Mon May 18 18:53:48 UTC 2026
Cache sync 47 at Mon May 18 18:53:48 UTC 2026
Cache sync 48 at Mon May 18 18:53:48 UTC 2026
Cache sync 49 at Mon May 18 18:53:48 UTC 2026
Cache sync 50 at Mon May 18 18:53:48 UTC 2026
Cache sync 51 at Mon May 18 18:53:48 UTC 2026
Cache sync 52 at Mon May 18 18:53:48 UTC 2026
Cache sync 53 at Mon May 18 18:53:48 UTC 2026
Cache sync 54 at Mon May 18 18:53:48 UTC 2026
Cache sync 55 at Mon May 18 18:53:48 UTC 2026
Cache sync 56 at Mon May 18 18:53:48 UTC 2026
Cache sync 57 at Mon May 18 18:53:48 UTC 2026
Cache sync 58 at Mon May 18 18:53:48 UTC 2026
Cache sync 59 at Mon May 18 18:53:48 UTC 2026
Cache sync 60 at Mon May 18 18:53:48 UTC 2026
Cache sync 61 at Mon May 18 18:53:48 UTC 2026
Cache sync 62 at Mon May 18 18:53:48 UTC 2026
Cache sync 63 at Mon May 18 18:53:48 UTC 2026
Cache sync 64 at Mon May 18 18:53:48 UTC 2026
Cache sync 65 at Mon May 18 18:53:48 UTC 2026
Cache sync 66 at Mon May 18 18:53:48 UTC 2026
Cache sync 67 at Mon May 18 18:53:48 UTC 2026
Cache sync 68 at Mon May 18 18:53:48 UTC 2026
Cache sync 1 at Tue May 19 19:03:06 UTC 2026
Cache sync 2 at Tue May 19 19:03:06 UTC 2026
Cache sync 3 at Tue May 19 19:03:06 UTC 2026
Cache sync 4 at Tue May 19 19:03:06 UTC 2026
Cache sync 5 at Tue May 19 19:03:06 UTC 2026
Cache sync 6 at Tue May 19 19:03:06 UTC 2026
Cache sync 7 at Tue May 19 19:03:06 UTC 2026
Cache sync 8 at Tue May 19 19:03:06 UTC 2026
Cache sync 9 at Tue May 19 19:03:06 UTC 2026
Cache sync 10 at Tue May 19 19:03:06 UTC 2026
Cache sync 11 at Tue May 19 19:03:06 UTC 2026
Cache sync 12 at Tue May 19 19:03:06 UTC 2026
Cache sync 13 at Tue May 19 19:03:06 UTC 2026
Cache sync 14 at Tue May 19 19:03:06 UTC 2026
Cache sync 15 at Tue May 19 19:03:06 UTC 2026
Cache sync 16 at Tue May 19 19:03:06 UTC 2026
Cache sync 17 at Tue May 19 19:03:06 UTC 2026
Cache sync 18 at Tue May 19 19:03:06 UTC 2026
Cache sync 19 at Tue May 19 19:03:06 UTC 2026
Cache sync 20 at Tue May 19 19:03:06 UTC 2026
Cache sync 21 at Tue May 19 19:03:06 UTC 2026
Cache sync 22 at Tue May 19 19:03:06 UTC 2026
Cache sync 23 at Tue May 19 19:03:06 UTC 2026
Cache sync 24 at Tue May 19 19:03:06 UTC 2026
Cache sync 25 at Tue May 19 19:03:06 UTC 2026
Cache sync 26 at Tue May 19 19:03:06 UTC 2026
Cache sync 27 at Tue May 19 19:03:06 UTC 2026
Cache sync 28 at Tue May 19 19:03:06 UTC 2026
Cache sync 29 at Tue May 19 19:03:06 UTC 2026
Cache sync 30 at Tue May 19 19:03:06 UTC 2026
Cache sync 31 at Tue May 19 19:03:06 UTC 2026
Cache sync 32 at Tue May 19 19:03:06 UTC 2026
Cache sync 33 at Tue May 19 19:03:06 UTC 2026
Cache sync 34 at Tue May 19 19:03:06 UTC 2026
Cache sync 35 at Tue May 19 19:03:06 UTC 2026
Cache sync 36 at Tue May 19 19:03:06 UTC 2026
Cache sync 37 at Tue May 19 19:03:06 UTC 2026
Cache sync 38 at Tue May 19 19:03:06 UTC 2026
Cache sync 39 at Tue May 19 19:03:06 UTC 2026
Cache sync 40 at Tue May 19 19:03:06 UTC 2026
Cache sync 41 at Tue May 19 19:03:06 UTC 2026
Cache sync 1 at Wed May 20 19:27:45 UTC 2026
Cache sync 2 at Wed May 20 19:27:45 UTC 2026
Cache sync 3 at Wed May 20 19:27:45 UTC 2026
Cache sync 4 at Wed May 20 19:27:45 UTC 2026
Cache sync 5 at Wed May 20 19:27:45 UTC 2026
Cache sync 6 at Wed May 20 19:27:45 UTC 2026
Cache sync 7 at Wed May 20 19:27:45 UTC 2026
Cache sync 8 at Wed May 20 19:27:45 UTC 2026
Cache sync 9 at Wed May 20 19:27:45 UTC 2026
Cache sync 10 at Wed May 20 19:27:45 UTC 2026
Cache sync 11 at Wed May 20 19:27:45 UTC 2026
Cache sync 12 at Wed May 20 19:27:45 UTC 2026
Cache sync 13 at Wed May 20 19:27:45 UTC 2026
Cache sync 14 at Wed May 20 19:27:45 UTC 2026
Cache sync 15 at Wed May 20 19:27:45 UTC 2026
Cache sync 16 at Wed May 20 19:27:45 UTC 2026
Cache sync 17 at Wed May 20 19:27:45 UTC 2026
Cache sync 18 at Wed May 20 19:27:45 UTC 2026
Cache sync 19 at Wed May 20 19:27:45 UTC 2026
Cache sync 20 at Wed May 20 19:27:45 UTC 2026
Cache sync 21 at Wed May 20 19:27:45 UTC 2026
Cache sync 22 at Wed May 20 19:27:45 UTC 2026
Cache sync 23 at Wed May 20 19:27:45 UTC 2026
Cache sync 24 at Wed May 20 19:27:45 UTC 2026
Cache sync 25 at Wed May 20 19:27:45 UTC 2026
Cache sync 26 at Wed May 20 19:27:45 UTC 2026
Cache sync 27 at Wed May 20 19:27:45 UTC 2026
Cache sync 28 at Wed May 20 19:27:45 UTC 2026
Cache sync 29 at Wed May 20 19:27:45 UTC 2026
Cache sync 30 at Wed May 20 19:27:45 UTC 2026
Cache sync 31 at Wed May 20 19:27:45 UTC 2026
Cache sync 32 at Wed May 20 19:27:45 UTC 2026
Cache sync 33 at Wed May 20 19:27:45 UTC 2026
Cache sync 34 at Wed May 20 19:27:45 UTC 2026
Cache sync 35 at Wed May 20 19:27:45 UTC 2026
Cache sync 36 at Wed May 20 19:27:45 UTC 2026
Cache sync 37 at Wed May 20 19:27:45 UTC 2026
Cache sync 38 at Wed May 20 19:27:45 UTC 2026
Cache sync 39 at Wed May 20 19:27:45 UTC 2026
Cache sync 40 at Wed May 20 19:27:45 UTC 2026
Cache sync 41 at Wed May 20 19:27:45 UTC 2026
Cache sync 42 at Wed May 20 19:27:45 UTC 2026
Cache sync 43 at Wed May 20 19:27:45 UTC 2026
Cache sync 44 at Wed May 20 19:27:45 UTC 2026
Cache sync 45 at Wed May 20 19:27:45 UTC 2026
Cache sync 46 at Wed May 20 19:27:45 UTC 2026
Cache sync 47 at Wed May 20 19:27:45 UTC 2026
Cache sync 48 at Wed May 20 19:27:45 UTC 2026
Cache sync 49 at Wed May 20 19:27:45 UTC 2026
Cache sync 50 at Wed May 20 19:27:45 UTC 2026
Cache sync 51 at Wed May 20 19:27:45 UTC 2026
Cache sync 52 at Wed May 20 19:27:45 UTC 2026
Cache sync 53 at Wed May 20 19:27:45 UTC 2026
Cache sync 54 at Wed May 20 19:27:45 UTC 2026
Cache sync 55 at Wed May 20 19:27:45 UTC 2026
Cache sync 56 at Wed May 20 19:27:45 UTC 2026
Cache sync 57 at Wed May 20 19:27:45 UTC 2026
Cache sync 58 at Wed May 20 19:27:45 UTC 2026
Cache sync 1 at Thu May 21 18:58:50 UTC 2026
Cache sync 2 at Thu May 21 18:58:50 UTC 2026
Cache sync 3 at Thu May 21 18:58:50 UTC 2026
Cache sync 4 at Thu May 21 18:58:50 UTC 2026
Cache sync 5 at Thu May 21 18:58:50 UTC 2026
Cache sync 6 at Thu May 21 18:58:50 UTC 2026
Cache sync 7 at Thu May 21 18:58:50 UTC 2026
Cache sync 8 at Thu May 21 18:58:50 UTC 2026
Cache sync 9 at Thu May 21 18:58:50 UTC 2026
Cache sync 10 at Thu May 21 18:58:50 UTC 2026
Cache sync 11 at Thu May 21 18:58:50 UTC 2026
Cache sync 12 at Thu May 21 18:58:50 UTC 2026
Cache sync 13 at Thu May 21 18:58:50 UTC 2026
Cache sync 14 at Thu May 21 18:58:50 UTC 2026
Cache sync 15 at Thu May 21 18:58:50 UTC 2026
Cache sync 16 at Thu May 21 18:58:50 UTC 2026
Cache sync 17 at Thu May 21 18:58:50 UTC 2026
Cache sync 1 at Fri May 22 18:56:10 UTC 2026
Cache sync 2 at Fri May 22 18:56:10 UTC 2026
Cache sync 3 at Fri May 22 18:56:10 UTC 2026
Cache sync 4 at Fri May 22 18:56:10 UTC 2026
Cache sync 5 at Fri May 22 18:56:11 UTC 2026
Cache sync 6 at Fri May 22 18:56:11 UTC 2026
Cache sync 7 at Fri May 22 18:56:11 UTC 2026
Cache sync 8 at Fri May 22 18:56:11 UTC 2026
Cache sync 9 at Fri May 22 18:56:11 UTC 2026
Cache sync 10 at Fri May 22 18:56:11 UTC 2026
Cache sync 11 at Fri May 22 18:56:11 UTC 2026
Cache sync 12 at Fri May 22 18:56:11 UTC 2026
Cache sync 13 at Fri May 22 18:56:11 UTC 2026
Cache sync 14 at Fri May 22 18:56:11 UTC 2026
Cache sync 15 at Fri May 22 18:56:11 UTC 2026
Cache sync 16 at Fri May 22 18:56:11 UTC 2026
Cache sync 17 at Fri May 22 18:56:11 UTC 2026
Cache sync 18 at Fri May 22 18:56:11 UTC 2026
Cache sync 19 at Fri May 22 18:56:11 UTC 2026
Cache sync 20 at Fri May 22 18:56:11 UTC 2026
Cache sync 21 at Fri May 22 18:56:11 UTC 2026
Cache sync 22 at Fri May 22 18:56:11 UTC 2026
Cache sync 23 at Fri May 22 18:56:11 UTC 2026
Cache sync 24 at Fri May 22 18:56:11 UTC 2026
Cache sync 25 at Fri May 22 18:56:11 UTC 2026
Cache sync 26 at Fri May 22 18:56:11 UTC 2026
Cache sync 27 at Fri May 22 18:56:11 UTC 2026
Cache sync 28 at Fri May 22 18:56:11 UTC 2026
Cache sync 29 at Fri May 22 18:56:11 UTC 2026
Cache sync 30 at Fri May 22 18:56:11 UTC 2026
Cache sync 31 at Fri May 22 18:56:11 UTC 2026
Cache sync 32 at Fri May 22 18:56:11 UTC 2026
Cache sync 33 at Fri May 22 18:56:11 UTC 2026
Cache sync 34 at Fri May 22 18:56:11 UTC 2026
Cache sync 35 at Fri May 22 18:56:11 UTC 2026
Cache sync 1 at Sat May 23 18:02:38 UTC 2026
Cache sync 2 at Sat May 23 18:02:38 UTC 2026
Cache sync 3 at Sat May 23 18:02:38 UTC 2026
Cache sync 4 at Sat May 23 18:02:38 UTC 2026
Cache sync 5 at Sat May 23 18:02:38 UTC 2026
Cache sync 6 at Sat May 23 18:02:38 UTC 2026
Cache sync 7 at Sat May 23 18:02:38 UTC 2026
Cache sync 8 at Sat May 23 18:02:38 UTC 2026
Cache sync 9 at Sat May 23 18:02:38 UTC 2026
Cache sync 10 at Sat May 23 18:02:38 UTC 2026
Cache sync 11 at Sat May 23 18:02:38 UTC 2026
Cache sync 12 at Sat May 23 18:02:38 UTC 2026
Cache sync 13 at Sat May 23 18:02:38 UTC 2026
Cache sync 14 at Sat May 23 18:02:38 UTC 2026
Cache sync 15 at Sat May 23 18:02:38 UTC 2026
Cache sync 16 at Sat May 23 18:02:38 UTC 2026
Cache sync 17 at Sat May 23 18:02:38 UTC 2026
Cache sync 18 at Sat May 23 18:02:38 UTC 2026
Cache sync 19 at Sat May 23 18:02:38 UTC 2026
Cache sync 20 at Sat May 23 18:02:38 UTC 2026
Cache sync 21 at Sat May 23 18:02:38 UTC 2026
Cache sync 22 at Sat May 23 18:02:38 UTC 2026
Cache sync 23 at Sat May 23 18:02:38 UTC 2026
Cache sync 24 at Sat May 23 18:02:38 UTC 2026
Cache sync 25 at Sat May 23 18:02:38 UTC 2026
Cache sync 26 at Sat May 23 18:02:38 UTC 2026
Cache sync 27 at Sat May 23 18:02:38 UTC 2026
Cache sync 28 at Sat May 23 18:02:38 UTC 2026
Cache sync 29 at Sat May 23 18:02:38 UTC 2026
Cache sync 30 at Sat May 23 18:02:38 UTC 2026
Cache sync 31 at Sat May 23 18:02:38 UTC 2026
Cache sync 32 at Sat May 23 18:02:38 UTC 2026
Cache sync 33 at Sat May 23 18:02:38 UTC 2026
Cache sync 34 at Sat May 23 18:02:38 UTC 2026
Cache sync 35 at Sat May 23 18:02:38 UTC 2026
Cache sync 36 at Sat May 23 18:02:38 UTC 2026
Cache sync 37 at Sat May 23 18:02:38 UTC 2026
Cache sync 38 at Sat May 23 18:02:38 UTC 2026
Cache sync 39 at Sat May 23 18:02:38 UTC 2026
Cache sync 40 at Sat May 23 18:02:38 UTC 2026
Cache sync 41 at Sat May 23 18:02:38 UTC 2026
Cache sync 42 at Sat May 23 18:02:38 UTC 2026
Cache sync 43 at Sat May 23 18:02:38 UTC 2026
Cache sync 44 at Sat May 23 18:02:38 UTC 2026
Cache sync 45 at Sat May 23 18:02:38 UTC 2026
Cache sync 46 at Sat May 23 18:02:38 UTC 2026
Cache sync 47 at Sat May 23 18:02:38 UTC 2026
Cache sync 48 at Sat May 23 18:02:38 UTC 2026
Cache sync 49 at Sat May 23 18:02:38 UTC 2026
Cache sync 50 at Sat May 23 18:02:38 UTC 2026
Cache sync 51 at Sat May 23 18:02:38 UTC 2026
Cache sync 52 at Sat May 23 18:02:38 UTC 2026
Cache sync 53 at Sat May 23 18:02:38 UTC 2026
Cache sync 54 at Sat May 23 18:02:38 UTC 2026
Cache sync 55 at Sat May 23 18:02:38 UTC 2026
Cache sync 56 at Sat May 23 18:02:38 UTC 2026
Cache sync 57 at Sat May 23 18:02:38 UTC 2026
Cache sync 58 at Sat May 23 18:02:38 UTC 2026
Cache sync 59 at Sat May 23 18:02:38 UTC 2026
Cache sync 60 at Sat May 23 18:02:38 UTC 2026
Cache sync 61 at Sat May 23 18:02:38 UTC 2026
Cache sync 62 at Sat May 23 18:02:38 UTC 2026
Cache sync 63 at Sat May 23 18:02:38 UTC 2026
Cache sync 64 at Sat May 23 18:02:38 UTC 2026
Cache sync 65 at Sat May 23 18:02:38 UTC 2026
Cache sync 66 at Sat May 23 18:02:38 UTC 2026
Cache sync 67 at Sat May 23 18:02:38 UTC 2026
Cache sync 68 at Sat May 23 18:02:38 UTC 2026
Cache sync 69 at Sat May 23 18:02:38 UTC 2026
Cache sync 70 at Sat May 23 18:02:39 UTC 2026
Cache sync 71 at Sat May 23 18:02:39 UTC 2026
Cache sync 1 at Sun May 24 17:59:52 UTC 2026
Cache sync 2 at Sun May 24 17:59:52 UTC 2026
Cache sync 3 at Sun May 24 17:59:52 UTC 2026
Cache sync 4 at Sun May 24 17:59:52 UTC 2026
Cache sync 5 at Sun May 24 17:59:53 UTC 2026
Cache sync 6 at Sun May 24 17:59:53 UTC 2026
Cache sync 7 at Sun May 24 17:59:53 UTC 2026
Cache sync 8 at Sun May 24 17:59:53 UTC 2026
Cache sync 9 at Sun May 24 17:59:53 UTC 2026
Cache sync 10 at Sun May 24 17:59:53 UTC 2026
Cache sync 11 at Sun May 24 17:59:53 UTC 2026
Cache sync 12 at Sun May 24 17:59:53 UTC 2026
Cache sync 13 at Sun May 24 17:59:53 UTC 2026
Cache sync 14 at Sun May 24 17:59:53 UTC 2026
Cache sync 15 at Sun May 24 17:59:53 UTC 2026
Cache sync 16 at Sun May 24 17:59:53 UTC 2026
Cache sync 17 at Sun May 24 17:59:53 UTC 2026
Cache sync 18 at Sun May 24 17:59:53 UTC 2026
Cache sync 19 at Sun May 24 17:59:53 UTC 2026
Cache sync 20 at Sun May 24 17:59:53 UTC 2026
Cache sync 21 at Sun May 24 17:59:53 UTC 2026
Cache sync 22 at Sun May 24 17:59:53 UTC 2026
Cache sync 23 at Sun May 24 17:59:53 UTC 2026
Cache sync 24 at Sun May 24 17:59:53 UTC 2026
Cache sync 25 at Sun May 24 17:59:53 UTC 2026
Cache sync 26 at Sun May 24 17:59:53 UTC 2026
Cache sync 27 at Sun May 24 17:59:53 UTC 2026
Cache sync 28 at Sun May 24 17:59:53 UTC 2026
Cache sync 29 at Sun May 24 17:59:53 UTC 2026
Cache sync 30 at Sun May 24 17:59:53 UTC 2026
Cache sync 31 at Sun May 24 17:59:53 UTC 2026
Cache sync 32 at Sun May 24 17:59:53 UTC 2026
Cache sync 33 at Sun May 24 17:59:53 UTC 2026
Cache sync 34 at Sun May 24 17:59:53 UTC 2026
Cache sync 35 at Sun May 24 17:59:53 UTC 2026
Cache sync 36 at Sun May 24 17:59:53 UTC 2026
Cache sync 37 at Sun May 24 17:59:53 UTC 2026
Cache sync 38 at Sun May 24 17:59:53 UTC 2026
Cache sync 1 at Mon May 25 18:26:19 UTC 2026
Cache sync 2 at Mon May 25 18:26:19 UTC 2026
Cache sync 3 at Mon May 25 18:26:19 UTC 2026
Cache sync 4 at Mon May 25 18:26:19 UTC 2026
Cache sync 5 at Mon May 25 18:26:19 UTC 2026
Cache sync 6 at Mon May 25 18:26:19 UTC 2026
Cache sync 7 at Mon May 25 18:26:19 UTC 2026
Cache sync 8 at Mon May 25 18:26:19 UTC 2026
Cache sync 9 at Mon May 25 18:26:19 UTC 2026
Cache sync 10 at Mon May 25 18:26:19 UTC 2026
Cache sync 11 at Mon May 25 18:26:19 UTC 2026
Cache sync 12 at Mon May 25 18:26:19 UTC 2026
Cache sync 13 at Mon May 25 18:26:19 UTC 2026
Cache sync 14 at Mon May 25 18:26:19 UTC 2026
Cache sync 15 at Mon May 25 18:26:19 UTC 2026
Cache sync 16 at Mon May 25 18:26:19 UTC 2026
Cache sync 17 at Mon May 25 18:26:19 UTC 2026
Cache sync 18 at Mon May 25 18:26:19 UTC 2026
Cache sync 19 at Mon May 25 18:26:19 UTC 2026
Cache sync 20 at Mon May 25 18:26:19 UTC 2026
Cache sync 21 at Mon May 25 18:26:19 UTC 2026
Cache sync 22 at Mon May 25 18:26:19 UTC 2026
Cache sync 23 at Mon May 25 18:26:19 UTC 2026
Cache sync 24 at Mon May 25 18:26:19 UTC 2026
Cache sync 25 at Mon May 25 18:26:19 UTC 2026
Cache sync 26 at Mon May 25 18:26:19 UTC 2026
Cache sync 27 at Mon May 25 18:26:19 UTC 2026
Cache sync 28 at Mon May 25 18:26:19 UTC 2026
Cache sync 29 at Mon May 25 18:26:19 UTC 2026
Cache sync 30 at Mon May 25 18:26:19 UTC 2026
Cache sync 31 at Mon May 25 18:26:19 UTC 2026
Cache sync 32 at Mon May 25 18:26:19 UTC 2026
Cache sync 33 at Mon May 25 18:26:19 UTC 2026
Cache sync 34 at Mon May 25 18:26:19 UTC 2026
Cache sync 35 at Mon May 25 18:26:19 UTC 2026
Cache sync 36 at Mon May 25 18:26:19 UTC 2026
Cache sync 37 at Mon May 25 18:26:19 UTC 2026
Cache sync 38 at Mon May 25 18:26:19 UTC 2026
Cache sync 39 at Mon May 25 18:26:19 UTC 2026
Cache sync 40 at Mon May 25 18:26:19 UTC 2026
Cache sync 41 at Mon May 25 18:26:19 UTC 2026
Cache sync 42 at Mon May 25 18:26:19 UTC 2026
Cache sync 43 at Mon May 25 18:26:19 UTC 2026
Cache sync 44 at Mon May 25 18:26:19 UTC 2026
Cache sync 45 at Mon May 25 18:26:19 UTC 2026
Cache sync 46 at Mon May 25 18:26:19 UTC 2026
Cache sync 47 at Mon May 25 18:26:19 UTC 2026
Cache sync 48 at Mon May 25 18:26:19 UTC 2026
Cache sync 49 at Mon May 25 18:26:19 UTC 2026
Cache sync 50 at Mon May 25 18:26:19 UTC 2026
Cache sync 51 at Mon May 25 18:26:19 UTC 2026
Cache sync 52 at Mon May 25 18:26:19 UTC 2026
Cache sync 53 at Mon May 25 18:26:19 UTC 2026
Cache sync 54 at Mon May 25 18:26:19 UTC 2026
Cache sync 55 at Mon May 25 18:26:19 UTC 2026
Cache sync 56 at Mon May 25 18:26:19 UTC 2026
Cache sync 57 at Mon May 25 18:26:19 UTC 2026
Cache sync 58 at Mon May 25 18:26:19 UTC 2026
Cache sync 59 at Mon May 25 18:26:19 UTC 2026
Cache sync 60 at Mon May 25 18:26:19 UTC 2026
Cache sync 61 at Mon May 25 18:26:19 UTC 2026
Cache sync 62 at Mon May 25 18:26:19 UTC 2026
Cache sync 63 at Mon May 25 18:26:19 UTC 2026
Cache sync 64 at Mon May 25 18:26:19 UTC 2026
Cache sync 65 at Mon May 25 18:26:19 UTC 2026
Cache sync 66 at Mon May 25 18:26:20 UTC 2026
Cache sync 67 at Mon May 25 18:26:20 UTC 2026
Cache sync 68 at Mon May 25 18:26:20 UTC 2026
Cache sync 69 at Mon May 25 18:26:20 UTC 2026
Cache sync 70 at Mon May 25 18:26:20 UTC 2026
Cache sync 71 at Mon May 25 18:26:20 UTC 2026
Cache sync 1 at Mon Jul  6 18:57:07 UTC 2026
Cache sync 2 at Mon Jul  6 18:57:07 UTC 2026
Cache sync 3 at Mon Jul  6 18:57:07 UTC 2026
Cache sync 4 at Mon Jul  6 18:57:07 UTC 2026
Cache sync 5 at Mon Jul  6 18:57:07 UTC 2026
Cache sync 6 at Mon Jul  6 18:57:07 UTC 2026
Cache sync 7 at Mon Jul  6 18:57:07 UTC 2026
Cache sync 8 at Mon Jul  6 18:57:07 UTC 2026
Cache sync 9 at Mon Jul  6 18:57:07 UTC 2026
Cache sync 10 at Mon Jul  6 18:57:07 UTC 2026
Cache sync 11 at Mon Jul  6 18:57:07 UTC 2026
Cache sync 12 at Mon Jul  6 18:57:07 UTC 2026
Cache sync 13 at Mon Jul  6 18:57:07 UTC 2026
Cache sync 14 at Mon Jul  6 18:57:07 UTC 2026
Cache sync 15 at Mon Jul  6 18:57:07 UTC 2026
Cache sync 16 at Mon Jul  6 18:57:07 UTC 2026
Cache sync 17 at Mon Jul  6 18:57:07 UTC 2026
Cache sync 18 at Mon Jul  6 18:57:07 UTC 2026
Cache sync 19 at Mon Jul  6 18:57:07 UTC 2026
Cache sync 20 at Mon Jul  6 18:57:07 UTC 2026
Cache sync 21 at Mon Jul  6 18:57:07 UTC 2026
Cache sync 22 at Mon Jul  6 18:57:07 UTC 2026
Cache sync 23 at Mon Jul  6 18:57:07 UTC 2026
Cache sync 24 at Mon Jul  6 18:57:07 UTC 2026
Cache sync 25 at Mon Jul  6 18:57:08 UTC 2026
Cache sync 26 at Mon Jul  6 18:57:08 UTC 2026
Cache sync 1 at Tue Jul  7 19:03:50 UTC 2026
Cache sync 2 at Tue Jul  7 19:03:50 UTC 2026
Cache sync 3 at Tue Jul  7 19:03:50 UTC 2026
Cache sync 4 at Tue Jul  7 19:03:50 UTC 2026
Cache sync 5 at Tue Jul  7 19:03:50 UTC 2026
Cache sync 6 at Tue Jul  7 19:03:50 UTC 2026
Cache sync 7 at Tue Jul  7 19:03:50 UTC 2026
Cache sync 8 at Tue Jul  7 19:03:50 UTC 2026
Cache sync 9 at Tue Jul  7 19:03:50 UTC 2026
Cache sync 10 at Tue Jul  7 19:03:50 UTC 2026
Cache sync 1 at Wed Jul  8 18:19:52 UTC 2026
Cache sync 2 at Wed Jul  8 18:19:52 UTC 2026
Cache sync 3 at Wed Jul  8 18:19:52 UTC 2026
Cache sync 4 at Wed Jul  8 18:19:52 UTC 2026
Cache sync 5 at Wed Jul  8 18:19:52 UTC 2026
Cache sync 6 at Wed Jul  8 18:19:52 UTC 2026
Cache sync 7 at Wed Jul  8 18:19:52 UTC 2026
Cache sync 8 at Wed Jul  8 18:19:52 UTC 2026
Cache sync 9 at Wed Jul  8 18:19:52 UTC 2026
Cache sync 10 at Wed Jul  8 18:19:52 UTC 2026
Cache sync 11 at Wed Jul  8 18:19:52 UTC 2026
Cache sync 12 at Wed Jul  8 18:19:52 UTC 2026
Cache sync 13 at Wed Jul  8 18:19:52 UTC 2026
Cache sync 14 at Wed Jul  8 18:19:52 UTC 2026
Cache sync 15 at Wed Jul  8 18:19:52 UTC 2026
Cache sync 16 at Wed Jul  8 18:19:52 UTC 2026
Cache sync 17 at Wed Jul  8 18:19:52 UTC 2026
Cache sync 18 at Wed Jul  8 18:19:52 UTC 2026
Cache sync 19 at Wed Jul  8 18:19:52 UTC 2026
Cache sync 20 at Wed Jul  8 18:19:52 UTC 2026
Cache sync 21 at Wed Jul  8 18:19:52 UTC 2026
Cache sync 22 at Wed Jul  8 18:19:52 UTC 2026
Cache sync 23 at Wed Jul  8 18:19:52 UTC 2026
Cache sync 24 at Wed Jul  8 18:19:52 UTC 2026
Cache sync 25 at Wed Jul  8 18:19:52 UTC 2026
Cache sync 26 at Wed Jul  8 18:19:52 UTC 2026
Cache sync 27 at Wed Jul  8 18:19:52 UTC 2026
Cache sync 28 at Wed Jul  8 18:19:52 UTC 2026
Cache sync 29 at Wed Jul  8 18:19:52 UTC 2026
Cache sync 30 at Wed Jul  8 18:19:52 UTC 2026
Cache sync 31 at Wed Jul  8 18:19:52 UTC 2026
Cache sync 32 at Wed Jul  8 18:19:53 UTC 2026
Cache sync 33 at Wed Jul  8 18:19:53 UTC 2026
Cache sync 34 at Wed Jul  8 18:19:53 UTC 2026
Cache sync 35 at Wed Jul  8 18:19:53 UTC 2026
Cache sync 36 at Wed Jul  8 18:19:53 UTC 2026
Cache sync 37 at Wed Jul  8 18:19:53 UTC 2026
Cache sync 38 at Wed Jul  8 18:19:53 UTC 2026
Cache sync 39 at Wed Jul  8 18:19:53 UTC 2026
Cache sync 40 at Wed Jul  8 18:19:53 UTC 2026
Cache sync 41 at Wed Jul  8 18:19:53 UTC 2026
Cache sync 42 at Wed Jul  8 18:19:53 UTC 2026
Cache sync 43 at Wed Jul  8 18:19:53 UTC 2026
Cache sync 44 at Wed Jul  8 18:19:53 UTC 2026
Cache sync 45 at Wed Jul  8 18:19:53 UTC 2026
Cache sync 46 at Wed Jul  8 18:19:53 UTC 2026
Cache sync 47 at Wed Jul  8 18:19:53 UTC 2026
Cache sync 1 at Thu Jul  9 18:50:41 UTC 2026
Cache sync 2 at Thu Jul  9 18:50:41 UTC 2026
Cache sync 3 at Thu Jul  9 18:50:41 UTC 2026
Cache sync 4 at Thu Jul  9 18:50:41 UTC 2026
Cache sync 5 at Thu Jul  9 18:50:41 UTC 2026
Cache sync 6 at Thu Jul  9 18:50:41 UTC 2026
Cache sync 7 at Thu Jul  9 18:50:41 UTC 2026
Cache sync 8 at Thu Jul  9 18:50:41 UTC 2026
Cache sync 9 at Thu Jul  9 18:50:41 UTC 2026
Cache sync 10 at Thu Jul  9 18:50:41 UTC 2026
Cache sync 11 at Thu Jul  9 18:50:41 UTC 2026
Cache sync 12 at Thu Jul  9 18:50:41 UTC 2026
Cache sync 13 at Thu Jul  9 18:50:41 UTC 2026
Cache sync 14 at Thu Jul  9 18:50:41 UTC 2026
Cache sync 15 at Thu Jul  9 18:50:41 UTC 2026
Cache sync 16 at Thu Jul  9 18:50:41 UTC 2026
Cache sync 17 at Thu Jul  9 18:50:41 UTC 2026
Cache sync 18 at Thu Jul  9 18:50:41 UTC 2026
Cache sync 19 at Thu Jul  9 18:50:41 UTC 2026
Cache sync 20 at Thu Jul  9 18:50:41 UTC 2026
Cache sync 21 at Thu Jul  9 18:50:41 UTC 2026
Cache sync 22 at Thu Jul  9 18:50:41 UTC 2026
Cache sync 23 at Thu Jul  9 18:50:41 UTC 2026
Cache sync 24 at Thu Jul  9 18:50:41 UTC 2026
Cache sync 25 at Thu Jul  9 18:50:41 UTC 2026
Cache sync 26 at Thu Jul  9 18:50:41 UTC 2026
Cache sync 27 at Thu Jul  9 18:50:41 UTC 2026
Cache sync 28 at Thu Jul  9 18:50:41 UTC 2026
Cache sync 29 at Thu Jul  9 18:50:41 UTC 2026
Cache sync 30 at Thu Jul  9 18:50:41 UTC 2026
Cache sync 31 at Thu Jul  9 18:50:41 UTC 2026
Cache sync 32 at Thu Jul  9 18:50:41 UTC 2026
Cache sync 33 at Thu Jul  9 18:50:41 UTC 2026
Cache sync 34 at Thu Jul  9 18:50:41 UTC 2026
Cache sync 35 at Thu Jul  9 18:50:42 UTC 2026
Cache sync 36 at Thu Jul  9 18:50:42 UTC 2026
Cache sync 37 at Thu Jul  9 18:50:42 UTC 2026
Cache sync 38 at Thu Jul  9 18:50:42 UTC 2026
Cache sync 39 at Thu Jul  9 18:50:42 UTC 2026
Cache sync 40 at Thu Jul  9 18:50:42 UTC 2026
Cache sync 41 at Thu Jul  9 18:50:42 UTC 2026
Cache sync 42 at Thu Jul  9 18:50:42 UTC 2026
Cache sync 43 at Thu Jul  9 18:50:42 UTC 2026
Cache sync 44 at Thu Jul  9 18:50:42 UTC 2026
Cache sync 45 at Thu Jul  9 18:50:42 UTC 2026
Cache sync 46 at Thu Jul  9 18:50:42 UTC 2026
Cache sync 47 at Thu Jul  9 18:50:42 UTC 2026
Cache sync 48 at Thu Jul  9 18:50:42 UTC 2026
Cache sync 49 at Thu Jul  9 18:50:42 UTC 2026
Cache sync 50 at Thu Jul  9 18:50:42 UTC 2026
Cache sync 51 at Thu Jul  9 18:50:42 UTC 2026
Cache sync 52 at Thu Jul  9 18:50:42 UTC 2026
Cache sync 53 at Thu Jul  9 18:50:42 UTC 2026
Cache sync 54 at Thu Jul  9 18:50:42 UTC 2026
Cache sync 55 at Thu Jul  9 18:50:42 UTC 2026
Cache sync 56 at Thu Jul  9 18:50:42 UTC 2026
Cache sync 57 at Thu Jul  9 18:50:42 UTC 2026
Cache sync 58 at Thu Jul  9 18:50:42 UTC 2026
Cache sync 59 at Thu Jul  9 18:50:42 UTC 2026
Cache sync 60 at Thu Jul  9 18:50:42 UTC 2026
Cache sync 61 at Thu Jul  9 18:50:42 UTC 2026
Cache sync 62 at Thu Jul  9 18:50:42 UTC 2026
Cache sync 63 at Thu Jul  9 18:50:42 UTC 2026
Cache sync 64 at Thu Jul  9 18:50:42 UTC 2026
Cache sync 65 at Thu Jul  9 18:50:42 UTC 2026
Cache sync 66 at Thu Jul  9 18:50:42 UTC 2026
Cache sync 67 at Thu Jul  9 18:50:42 UTC 2026
Cache sync 68 at Thu Jul  9 18:50:42 UTC 2026
Cache sync 69 at Thu Jul  9 18:50:42 UTC 2026
Cache sync 70 at Thu Jul  9 18:50:42 UTC 2026
Cache sync 71 at Thu Jul  9 18:50:42 UTC 2026
Cache sync 72 at Thu Jul  9 18:50:42 UTC 2026
Cache sync 73 at Thu Jul  9 18:50:42 UTC 2026
Cache sync 1 at Fri Jul 10 18:24:04 UTC 2026
Cache sync 2 at Fri Jul 10 18:24:04 UTC 2026
Cache sync 3 at Fri Jul 10 18:24:04 UTC 2026
Cache sync 4 at Fri Jul 10 18:24:04 UTC 2026
Cache sync 5 at Fri Jul 10 18:24:04 UTC 2026
Cache sync 6 at Fri Jul 10 18:24:04 UTC 2026
Cache sync 7 at Fri Jul 10 18:24:04 UTC 2026
Cache sync 8 at Fri Jul 10 18:24:04 UTC 2026
Cache sync 9 at Fri Jul 10 18:24:04 UTC 2026
Cache sync 10 at Fri Jul 10 18:24:04 UTC 2026
Cache sync 11 at Fri Jul 10 18:24:04 UTC 2026
Cache sync 12 at Fri Jul 10 18:24:04 UTC 2026
Cache sync 13 at Fri Jul 10 18:24:04 UTC 2026
Cache sync 14 at Fri Jul 10 18:24:04 UTC 2026
Cache sync 15 at Fri Jul 10 18:24:04 UTC 2026
Cache sync 16 at Fri Jul 10 18:24:04 UTC 2026
Cache sync 17 at Fri Jul 10 18:24:04 UTC 2026
Cache sync 18 at Fri Jul 10 18:24:04 UTC 2026
Cache sync 19 at Fri Jul 10 18:24:04 UTC 2026
Cache sync 20 at Fri Jul 10 18:24:04 UTC 2026
Cache sync 21 at Fri Jul 10 18:24:04 UTC 2026
Cache sync 22 at Fri Jul 10 18:24:04 UTC 2026
Cache sync 23 at Fri Jul 10 18:24:04 UTC 2026
Cache sync 24 at Fri Jul 10 18:24:04 UTC 2026
Cache sync 25 at Fri Jul 10 18:24:04 UTC 2026
Cache sync 26 at Fri Jul 10 18:24:04 UTC 2026
Cache sync 27 at Fri Jul 10 18:24:04 UTC 2026
Cache sync 28 at Fri Jul 10 18:24:04 UTC 2026
Cache sync 29 at Fri Jul 10 18:24:04 UTC 2026
Cache sync 30 at Fri Jul 10 18:24:04 UTC 2026
Cache sync 31 at Fri Jul 10 18:24:04 UTC 2026
Cache sync 32 at Fri Jul 10 18:24:04 UTC 2026
Cache sync 33 at Fri Jul 10 18:24:04 UTC 2026
Cache sync 34 at Fri Jul 10 18:24:04 UTC 2026
Cache sync 35 at Fri Jul 10 18:24:04 UTC 2026
Cache sync 36 at Fri Jul 10 18:24:04 UTC 2026
Cache sync 37 at Fri Jul 10 18:24:04 UTC 2026
Cache sync 38 at Fri Jul 10 18:24:04 UTC 2026
Cache sync 39 at Fri Jul 10 18:24:04 UTC 2026
Cache sync 40 at Fri Jul 10 18:24:04 UTC 2026
Cache sync 41 at Fri Jul 10 18:24:04 UTC 2026
Cache sync 42 at Fri Jul 10 18:24:04 UTC 2026
Cache sync 43 at Fri Jul 10 18:24:04 UTC 2026
Cache sync 44 at Fri Jul 10 18:24:04 UTC 2026
Cache sync 45 at Fri Jul 10 18:24:04 UTC 2026
Cache sync 46 at Fri Jul 10 18:24:04 UTC 2026
Cache sync 47 at Fri Jul 10 18:24:04 UTC 2026
Cache sync 48 at Fri Jul 10 18:24:04 UTC 2026
Cache sync 49 at Fri Jul 10 18:24:04 UTC 2026
Cache sync 50 at Fri Jul 10 18:24:04 UTC 2026
Cache sync 51 at Fri Jul 10 18:24:04 UTC 2026
Cache sync 52 at Fri Jul 10 18:24:04 UTC 2026
Cache sync 53 at Fri Jul 10 18:24:04 UTC 2026
Cache sync 54 at Fri Jul 10 18:24:04 UTC 2026
Cache sync 55 at Fri Jul 10 18:24:04 UTC 2026
Cache sync 56 at Fri Jul 10 18:24:04 UTC 2026
Cache sync 57 at Fri Jul 10 18:24:04 UTC 2026
Cache sync 58 at Fri Jul 10 18:24:04 UTC 2026
Cache sync 59 at Fri Jul 10 18:24:04 UTC 2026
Cache sync 60 at Fri Jul 10 18:24:04 UTC 2026
Cache sync 61 at Fri Jul 10 18:24:04 UTC 2026
Cache sync 62 at Fri Jul 10 18:24:04 UTC 2026
Cache sync 63 at Fri Jul 10 18:24:04 UTC 2026
Cache sync 64 at Fri Jul 10 18:24:04 UTC 2026
Cache sync 65 at Fri Jul 10 18:24:04 UTC 2026
Cache sync 66 at Fri Jul 10 18:24:04 UTC 2026
Cache sync 67 at Fri Jul 10 18:24:04 UTC 2026
Cache sync 68 at Fri Jul 10 18:24:04 UTC 2026
Cache sync 69 at Fri Jul 10 18:24:04 UTC 2026
Cache sync 70 at Fri Jul 10 18:24:04 UTC 2026
Cache sync 71 at Fri Jul 10 18:24:04 UTC 2026
Cache sync 72 at Fri Jul 10 18:24:04 UTC 2026
Cache sync 73 at Fri Jul 10 18:24:04 UTC 2026
Cache sync 74 at Fri Jul 10 18:24:04 UTC 2026
Cache sync 75 at Fri Jul 10 18:24:04 UTC 2026
Cache sync 76 at Fri Jul 10 18:24:04 UTC 2026
Cache sync 77 at Fri Jul 10 18:24:04 UTC 2026
Cache sync 78 at Fri Jul 10 18:24:05 UTC 2026
Cache sync 79 at Fri Jul 10 18:24:05 UTC 2026
Cache sync 80 at Fri Jul 10 18:24:05 UTC 2026
Cache sync 81 at Fri Jul 10 18:24:05 UTC 2026
Cache sync 82 at Fri Jul 10 18:24:05 UTC 2026
Cache sync 83 at Fri Jul 10 18:24:05 UTC 2026
Cache sync 84 at Fri Jul 10 18:24:05 UTC 2026
Cache sync 85 at Fri Jul 10 18:24:05 UTC 2026
Cache sync 1 at Sat Jul 11 17:55:25 UTC 2026
Cache sync 2 at Sat Jul 11 17:55:25 UTC 2026
Cache sync 3 at Sat Jul 11 17:55:25 UTC 2026
Cache sync 4 at Sat Jul 11 17:55:25 UTC 2026
Cache sync 5 at Sat Jul 11 17:55:25 UTC 2026
Cache sync 6 at Sat Jul 11 17:55:25 UTC 2026
Cache sync 7 at Sat Jul 11 17:55:25 UTC 2026
Cache sync 8 at Sat Jul 11 17:55:25 UTC 2026
Cache sync 9 at Sat Jul 11 17:55:25 UTC 2026
Cache sync 10 at Sat Jul 11 17:55:25 UTC 2026
Cache sync 11 at Sat Jul 11 17:55:25 UTC 2026
Cache sync 12 at Sat Jul 11 17:55:25 UTC 2026
Cache sync 13 at Sat Jul 11 17:55:25 UTC 2026
Cache sync 14 at Sat Jul 11 17:55:26 UTC 2026
Cache sync 15 at Sat Jul 11 17:55:26 UTC 2026
Cache sync 16 at Sat Jul 11 17:55:26 UTC 2026
Cache sync 17 at Sat Jul 11 17:55:26 UTC 2026
Cache sync 18 at Sat Jul 11 17:55:26 UTC 2026
Cache sync 19 at Sat Jul 11 17:55:26 UTC 2026
Cache sync 20 at Sat Jul 11 17:55:26 UTC 2026
Cache sync 21 at Sat Jul 11 17:55:26 UTC 2026
Cache sync 22 at Sat Jul 11 17:55:26 UTC 2026
Cache sync 23 at Sat Jul 11 17:55:26 UTC 2026
Cache sync 24 at Sat Jul 11 17:55:26 UTC 2026
Cache sync 25 at Sat Jul 11 17:55:26 UTC 2026
Cache sync 26 at Sat Jul 11 17:55:26 UTC 2026
Cache sync 27 at Sat Jul 11 17:55:26 UTC 2026
Cache sync 28 at Sat Jul 11 17:55:26 UTC 2026
Cache sync 29 at Sat Jul 11 17:55:26 UTC 2026
Cache sync 30 at Sat Jul 11 17:55:26 UTC 2026
Cache sync 31 at Sat Jul 11 17:55:26 UTC 2026
Cache sync 32 at Sat Jul 11 17:55:26 UTC 2026
Cache sync 33 at Sat Jul 11 17:55:26 UTC 2026
Cache sync 34 at Sat Jul 11 17:55:26 UTC 2026
Cache sync 35 at Sat Jul 11 17:55:26 UTC 2026
Cache sync 36 at Sat Jul 11 17:55:26 UTC 2026
Cache sync 37 at Sat Jul 11 17:55:26 UTC 2026
Cache sync 38 at Sat Jul 11 17:55:26 UTC 2026
Cache sync 39 at Sat Jul 11 17:55:26 UTC 2026
Cache sync 40 at Sat Jul 11 17:55:26 UTC 2026
Cache sync 41 at Sat Jul 11 17:55:26 UTC 2026
Cache sync 42 at Sat Jul 11 17:55:26 UTC 2026
Cache sync 43 at Sat Jul 11 17:55:26 UTC 2026
Cache sync 44 at Sat Jul 11 17:55:26 UTC 2026
Cache sync 45 at Sat Jul 11 17:55:26 UTC 2026
Cache sync 46 at Sat Jul 11 17:55:26 UTC 2026
Cache sync 47 at Sat Jul 11 17:55:26 UTC 2026
Cache sync 48 at Sat Jul 11 17:55:26 UTC 2026
Cache sync 49 at Sat Jul 11 17:55:26 UTC 2026
Cache sync 50 at Sat Jul 11 17:55:26 UTC 2026
Cache sync 51 at Sat Jul 11 17:55:26 UTC 2026
Cache sync 52 at Sat Jul 11 17:55:26 UTC 2026
Cache sync 1 at Mon Jul 13 18:44:58 UTC 2026
Cache sync 2 at Mon Jul 13 18:44:58 UTC 2026
Cache sync 3 at Mon Jul 13 18:44:58 UTC 2026
Cache sync 4 at Mon Jul 13 18:44:58 UTC 2026
Cache sync 5 at Mon Jul 13 18:44:58 UTC 2026
Cache sync 6 at Mon Jul 13 18:44:58 UTC 2026
Cache sync 7 at Mon Jul 13 18:44:58 UTC 2026
Cache sync 8 at Mon Jul 13 18:44:58 UTC 2026
Cache sync 9 at Mon Jul 13 18:44:58 UTC 2026
Cache sync 10 at Mon Jul 13 18:44:58 UTC 2026
Cache sync 11 at Mon Jul 13 18:44:58 UTC 2026
Cache sync 12 at Mon Jul 13 18:44:58 UTC 2026
Cache sync 13 at Mon Jul 13 18:44:58 UTC 2026
Cache sync 14 at Mon Jul 13 18:44:58 UTC 2026
Cache sync 15 at Mon Jul 13 18:44:58 UTC 2026
Cache sync 16 at Mon Jul 13 18:44:58 UTC 2026
Cache sync 17 at Mon Jul 13 18:44:58 UTC 2026
Cache sync 18 at Mon Jul 13 18:44:58 UTC 2026
Cache sync 19 at Mon Jul 13 18:44:58 UTC 2026
Cache sync 20 at Mon Jul 13 18:44:58 UTC 2026
Cache sync 21 at Mon Jul 13 18:44:58 UTC 2026
Cache sync 22 at Mon Jul 13 18:44:58 UTC 2026
Cache sync 23 at Mon Jul 13 18:44:58 UTC 2026
Cache sync 24 at Mon Jul 13 18:44:58 UTC 2026
Cache sync 25 at Mon Jul 13 18:44:58 UTC 2026
Cache sync 26 at Mon Jul 13 18:44:58 UTC 2026
Cache sync 27 at Mon Jul 13 18:44:58 UTC 2026
Cache sync 28 at Mon Jul 13 18:44:58 UTC 2026
Cache sync 29 at Mon Jul 13 18:44:58 UTC 2026
Cache sync 30 at Mon Jul 13 18:44:58 UTC 2026
Cache sync 31 at Mon Jul 13 18:44:58 UTC 2026
Cache sync 32 at Mon Jul 13 18:44:58 UTC 2026
Cache sync 33 at Mon Jul 13 18:44:58 UTC 2026
Cache sync 34 at Mon Jul 13 18:44:58 UTC 2026
Cache sync 35 at Mon Jul 13 18:44:58 UTC 2026
Cache sync 36 at Mon Jul 13 18:44:58 UTC 2026
Cache sync 37 at Mon Jul 13 18:44:58 UTC 2026
Cache sync 38 at Mon Jul 13 18:44:58 UTC 2026
Cache sync 39 at Mon Jul 13 18:44:58 UTC 2026
Cache sync 40 at Mon Jul 13 18:44:58 UTC 2026
Cache sync 41 at Mon Jul 13 18:44:58 UTC 2026
Cache sync 42 at Mon Jul 13 18:44:58 UTC 2026
Cache sync 43 at Mon Jul 13 18:44:58 UTC 2026
Cache sync 44 at Mon Jul 13 18:44:58 UTC 2026
Cache sync 45 at Mon Jul 13 18:44:58 UTC 2026
Cache sync 46 at Mon Jul 13 18:44:58 UTC 2026
Cache sync 47 at Mon Jul 13 18:44:58 UTC 2026
Cache sync 48 at Mon Jul 13 18:44:58 UTC 2026
Cache sync 49 at Mon Jul 13 18:44:58 UTC 2026
Cache sync 50 at Mon Jul 13 18:44:58 UTC 2026
Cache sync 51 at Mon Jul 13 18:44:58 UTC 2026
Cache sync 52 at Mon Jul 13 18:44:58 UTC 2026
Cache sync 53 at Mon Jul 13 18:44:58 UTC 2026
Cache sync 54 at Mon Jul 13 18:44:58 UTC 2026
Cache sync 1 at Tue Jul 14 18:06:11 UTC 2026
Cache sync 2 at Tue Jul 14 18:06:11 UTC 2026
Cache sync 3 at Tue Jul 14 18:06:11 UTC 2026
Cache sync 4 at Tue Jul 14 18:06:11 UTC 2026
Cache sync 5 at Tue Jul 14 18:06:11 UTC 2026
Cache sync 6 at Tue Jul 14 18:06:11 UTC 2026
Cache sync 7 at Tue Jul 14 18:06:11 UTC 2026
Cache sync 8 at Tue Jul 14 18:06:12 UTC 2026
Cache sync 9 at Tue Jul 14 18:06:12 UTC 2026
Cache sync 10 at Tue Jul 14 18:06:12 UTC 2026
Cache sync 11 at Tue Jul 14 18:06:12 UTC 2026
Cache sync 12 at Tue Jul 14 18:06:12 UTC 2026
Cache sync 13 at Tue Jul 14 18:06:12 UTC 2026
Cache sync 14 at Tue Jul 14 18:06:12 UTC 2026
Cache sync 15 at Tue Jul 14 18:06:12 UTC 2026
Cache sync 16 at Tue Jul 14 18:06:12 UTC 2026
Cache sync 17 at Tue Jul 14 18:06:12 UTC 2026
Cache sync 18 at Tue Jul 14 18:06:12 UTC 2026
Cache sync 19 at Tue Jul 14 18:06:12 UTC 2026
Cache sync 20 at Tue Jul 14 18:06:12 UTC 2026
Cache sync 21 at Tue Jul 14 18:06:12 UTC 2026
Cache sync 22 at Tue Jul 14 18:06:12 UTC 2026
Cache sync 23 at Tue Jul 14 18:06:12 UTC 2026
Cache sync 24 at Tue Jul 14 18:06:12 UTC 2026
Cache sync 25 at Tue Jul 14 18:06:12 UTC 2026
Cache sync 26 at Tue Jul 14 18:06:12 UTC 2026
Cache sync 27 at Tue Jul 14 18:06:12 UTC 2026
Cache sync 28 at Tue Jul 14 18:06:12 UTC 2026
Cache sync 29 at Tue Jul 14 18:06:12 UTC 2026
Cache sync 30 at Tue Jul 14 18:06:12 UTC 2026
Cache sync 31 at Tue Jul 14 18:06:12 UTC 2026
Cache sync 32 at Tue Jul 14 18:06:12 UTC 2026
Cache sync 33 at Tue Jul 14 18:06:12 UTC 2026
Cache sync 34 at Tue Jul 14 18:06:12 UTC 2026
Cache sync 35 at Tue Jul 14 18:06:12 UTC 2026
Cache sync 36 at Tue Jul 14 18:06:12 UTC 2026
Cache sync 37 at Tue Jul 14 18:06:12 UTC 2026
Cache sync 38 at Tue Jul 14 18:06:12 UTC 2026
Cache sync 39 at Tue Jul 14 18:06:12 UTC 2026
Cache sync 40 at Tue Jul 14 18:06:12 UTC 2026
Cache sync 41 at Tue Jul 14 18:06:12 UTC 2026
Cache sync 42 at Tue Jul 14 18:06:12 UTC 2026
Cache sync 43 at Tue Jul 14 18:06:12 UTC 2026
Cache sync 44 at Tue Jul 14 18:06:12 UTC 2026
Cache sync 45 at Tue Jul 14 18:06:12 UTC 2026
Cache sync 46 at Tue Jul 14 18:06:12 UTC 2026
Cache sync 47 at Tue Jul 14 18:06:12 UTC 2026
Cache sync 48 at Tue Jul 14 18:06:12 UTC 2026
Cache sync 49 at Tue Jul 14 18:06:12 UTC 2026
Cache sync 50 at Tue Jul 14 18:06:12 UTC 2026
Cache sync 51 at Tue Jul 14 18:06:12 UTC 2026
Cache sync 52 at Tue Jul 14 18:06:12 UTC 2026
Cache sync 53 at Tue Jul 14 18:06:12 UTC 2026
Cache sync 54 at Tue Jul 14 18:06:12 UTC 2026
Cache sync 55 at Tue Jul 14 18:06:12 UTC 2026
Cache sync 56 at Tue Jul 14 18:06:12 UTC 2026
Cache sync 57 at Tue Jul 14 18:06:12 UTC 2026
Cache sync 58 at Tue Jul 14 18:06:12 UTC 2026
Cache sync 59 at Tue Jul 14 18:06:12 UTC 2026
Cache sync 60 at Tue Jul 14 18:06:12 UTC 2026
Cache sync 61 at Tue Jul 14 18:06:12 UTC 2026
Cache sync 62 at Tue Jul 14 18:06:12 UTC 2026
Cache sync 63 at Tue Jul 14 18:06:12 UTC 2026
Cache sync 64 at Tue Jul 14 18:06:12 UTC 2026
Cache sync 65 at Tue Jul 14 18:06:12 UTC 2026
Cache sync 66 at Tue Jul 14 18:06:12 UTC 2026
Cache sync 67 at Tue Jul 14 18:06:12 UTC 2026
Cache sync 68 at Tue Jul 14 18:06:12 UTC 2026
Cache sync 69 at Tue Jul 14 18:06:12 UTC 2026
Cache sync 70 at Tue Jul 14 18:06:12 UTC 2026
Cache sync 71 at Tue Jul 14 18:06:12 UTC 2026
Cache sync 72 at Tue Jul 14 18:06:12 UTC 2026
Cache sync 73 at Tue Jul 14 18:06:12 UTC 2026
Cache sync 74 at Tue Jul 14 18:06:12 UTC 2026
Cache sync 75 at Tue Jul 14 18:06:12 UTC 2026
Cache sync 76 at Tue Jul 14 18:06:12 UTC 2026
Cache sync 77 at Tue Jul 14 18:06:12 UTC 2026
Cache sync 78 at Tue Jul 14 18:06:12 UTC 2026
Cache sync 79 at Tue Jul 14 18:06:12 UTC 2026
Cache sync 1 at Wed Jul 15 18:09:49 UTC 2026
Cache sync 2 at Wed Jul 15 18:09:49 UTC 2026
Cache sync 3 at Wed Jul 15 18:09:49 UTC 2026
Cache sync 4 at Wed Jul 15 18:09:49 UTC 2026
Cache sync 5 at Wed Jul 15 18:09:49 UTC 2026
Cache sync 6 at Wed Jul 15 18:09:49 UTC 2026
Cache sync 7 at Wed Jul 15 18:09:49 UTC 2026
Cache sync 8 at Wed Jul 15 18:09:49 UTC 2026
Cache sync 9 at Wed Jul 15 18:09:49 UTC 2026
Cache sync 10 at Wed Jul 15 18:09:49 UTC 2026
Cache sync 11 at Wed Jul 15 18:09:49 UTC 2026
Cache sync 12 at Wed Jul 15 18:09:49 UTC 2026
Cache sync 13 at Wed Jul 15 18:09:49 UTC 2026
Cache sync 14 at Wed Jul 15 18:09:49 UTC 2026
Cache sync 15 at Wed Jul 15 18:09:49 UTC 2026
Cache sync 16 at Wed Jul 15 18:09:49 UTC 2026
Cache sync 17 at Wed Jul 15 18:09:49 UTC 2026
Cache sync 18 at Wed Jul 15 18:09:49 UTC 2026
Cache sync 19 at Wed Jul 15 18:09:49 UTC 2026
Cache sync 20 at Wed Jul 15 18:09:49 UTC 2026
Cache sync 21 at Wed Jul 15 18:09:49 UTC 2026
Cache sync 22 at Wed Jul 15 18:09:49 UTC 2026
Cache sync 23 at Wed Jul 15 18:09:49 UTC 2026
Cache sync 24 at Wed Jul 15 18:09:49 UTC 2026
Cache sync 25 at Wed Jul 15 18:09:49 UTC 2026
Cache sync 26 at Wed Jul 15 18:09:49 UTC 2026
Cache sync 27 at Wed Jul 15 18:09:49 UTC 2026
Cache sync 28 at Wed Jul 15 18:09:49 UTC 2026
Cache sync 29 at Wed Jul 15 18:09:49 UTC 2026
Cache sync 30 at Wed Jul 15 18:09:49 UTC 2026
Cache sync 31 at Wed Jul 15 18:09:49 UTC 2026
Cache sync 32 at Wed Jul 15 18:09:49 UTC 2026
Cache sync 33 at Wed Jul 15 18:09:49 UTC 2026
Cache sync 34 at Wed Jul 15 18:09:49 UTC 2026
Cache sync 35 at Wed Jul 15 18:09:49 UTC 2026
Cache sync 36 at Wed Jul 15 18:09:49 UTC 2026
Cache sync 37 at Wed Jul 15 18:09:49 UTC 2026
Cache sync 38 at Wed Jul 15 18:09:49 UTC 2026
Cache sync 39 at Wed Jul 15 18:09:49 UTC 2026
Cache sync 40 at Wed Jul 15 18:09:49 UTC 2026
Cache sync 41 at Wed Jul 15 18:09:49 UTC 2026
Cache sync 42 at Wed Jul 15 18:09:49 UTC 2026
Cache sync 43 at Wed Jul 15 18:09:49 UTC 2026
Cache sync 44 at Wed Jul 15 18:09:49 UTC 2026
Cache sync 45 at Wed Jul 15 18:09:49 UTC 2026
Cache sync 46 at Wed Jul 15 18:09:49 UTC 2026
Cache sync 47 at Wed Jul 15 18:09:49 UTC 2026
Cache sync 48 at Wed Jul 15 18:09:49 UTC 2026
Cache sync 49 at Wed Jul 15 18:09:49 UTC 2026
Cache sync 50 at Wed Jul 15 18:09:49 UTC 2026
Cache sync 51 at Wed Jul 15 18:09:49 UTC 2026
Cache sync 52 at Wed Jul 15 18:09:49 UTC 2026
Cache sync 53 at Wed Jul 15 18:09:49 UTC 2026
Cache sync 54 at Wed Jul 15 18:09:49 UTC 2026
Cache sync 55 at Wed Jul 15 18:09:49 UTC 2026
Cache sync 56 at Wed Jul 15 18:09:49 UTC 2026
Cache sync 57 at Wed Jul 15 18:09:49 UTC 2026
Cache sync 58 at Wed Jul 15 18:09:49 UTC 2026
Cache sync 59 at Wed Jul 15 18:09:49 UTC 2026
Cache sync 60 at Wed Jul 15 18:09:49 UTC 2026
Cache sync 61 at Wed Jul 15 18:09:49 UTC 2026
Cache sync 62 at Wed Jul 15 18:09:49 UTC 2026
Cache sync 63 at Wed Jul 15 18:09:49 UTC 2026
Cache sync 64 at Wed Jul 15 18:09:49 UTC 2026
Cache sync 65 at Wed Jul 15 18:09:49 UTC 2026
Cache sync 66 at Wed Jul 15 18:09:49 UTC 2026
Cache sync 67 at Wed Jul 15 18:09:49 UTC 2026
Cache sync 68 at Wed Jul 15 18:09:49 UTC 2026
Cache sync 69 at Wed Jul 15 18:09:49 UTC 2026
Cache sync 70 at Wed Jul 15 18:09:49 UTC 2026
Cache sync 71 at Wed Jul 15 18:09:49 UTC 2026
Cache sync 72 at Wed Jul 15 18:09:49 UTC 2026
Cache sync 73 at Wed Jul 15 18:09:49 UTC 2026
Cache sync 74 at Wed Jul 15 18:09:49 UTC 2026
Cache sync 75 at Wed Jul 15 18:09:49 UTC 2026
Cache sync 76 at Wed Jul 15 18:09:49 UTC 2026
Cache sync 77 at Wed Jul 15 18:09:49 UTC 2026
Cache sync 78 at Wed Jul 15 18:09:49 UTC 2026
Cache sync 79 at Wed Jul 15 18:09:49 UTC 2026
Cache sync 80 at Wed Jul 15 18:09:49 UTC 2026
Cache sync 1 at Thu Jul 16 18:07:24 UTC 2026
Cache sync 2 at Thu Jul 16 18:07:24 UTC 2026
Cache sync 3 at Thu Jul 16 18:07:24 UTC 2026
Cache sync 4 at Thu Jul 16 18:07:24 UTC 2026
Cache sync 5 at Thu Jul 16 18:07:24 UTC 2026
Cache sync 6 at Thu Jul 16 18:07:24 UTC 2026
Cache sync 7 at Thu Jul 16 18:07:24 UTC 2026
Cache sync 8 at Thu Jul 16 18:07:24 UTC 2026
Cache sync 9 at Thu Jul 16 18:07:24 UTC 2026
Cache sync 10 at Thu Jul 16 18:07:25 UTC 2026
Cache sync 11 at Thu Jul 16 18:07:25 UTC 2026
Cache sync 12 at Thu Jul 16 18:07:25 UTC 2026
Cache sync 13 at Thu Jul 16 18:07:25 UTC 2026
Cache sync 14 at Thu Jul 16 18:07:25 UTC 2026
Cache sync 15 at Thu Jul 16 18:07:25 UTC 2026
Cache sync 16 at Thu Jul 16 18:07:25 UTC 2026
Cache sync 17 at Thu Jul 16 18:07:25 UTC 2026
Cache sync 18 at Thu Jul 16 18:07:25 UTC 2026
Cache sync 19 at Thu Jul 16 18:07:25 UTC 2026
Cache sync 20 at Thu Jul 16 18:07:25 UTC 2026
Cache sync 21 at Thu Jul 16 18:07:25 UTC 2026
Cache sync 22 at Thu Jul 16 18:07:25 UTC 2026
Cache sync 23 at Thu Jul 16 18:07:25 UTC 2026
Cache sync 24 at Thu Jul 16 18:07:25 UTC 2026
Cache sync 25 at Thu Jul 16 18:07:25 UTC 2026
Cache sync 26 at Thu Jul 16 18:07:25 UTC 2026
Cache sync 27 at Thu Jul 16 18:07:25 UTC 2026
Cache sync 28 at Thu Jul 16 18:07:25 UTC 2026
Cache sync 29 at Thu Jul 16 18:07:25 UTC 2026
Cache sync 30 at Thu Jul 16 18:07:25 UTC 2026
Cache sync 31 at Thu Jul 16 18:07:25 UTC 2026
Cache sync 32 at Thu Jul 16 18:07:25 UTC 2026
Cache sync 33 at Thu Jul 16 18:07:25 UTC 2026
Cache sync 34 at Thu Jul 16 18:07:25 UTC 2026
Cache sync 35 at Thu Jul 16 18:07:25 UTC 2026
Cache sync 36 at Thu Jul 16 18:07:25 UTC 2026
Cache sync 37 at Thu Jul 16 18:07:25 UTC 2026
Cache sync 38 at Thu Jul 16 18:07:25 UTC 2026
Cache sync 39 at Thu Jul 16 18:07:25 UTC 2026
Cache sync 40 at Thu Jul 16 18:07:25 UTC 2026
Cache sync 41 at Thu Jul 16 18:07:25 UTC 2026
Cache sync 42 at Thu Jul 16 18:07:25 UTC 2026
Cache sync 43 at Thu Jul 16 18:07:25 UTC 2026
Cache sync 44 at Thu Jul 16 18:07:25 UTC 2026
Cache sync 45 at Thu Jul 16 18:07:25 UTC 2026
Cache sync 46 at Thu Jul 16 18:07:25 UTC 2026
Cache sync 1 at Fri Jul 17 18:07:11 UTC 2026
Cache sync 2 at Fri Jul 17 18:07:11 UTC 2026
Cache sync 3 at Fri Jul 17 18:07:11 UTC 2026
Cache sync 4 at Fri Jul 17 18:07:11 UTC 2026
Cache sync 5 at Fri Jul 17 18:07:11 UTC 2026
Cache sync 6 at Fri Jul 17 18:07:11 UTC 2026
Cache sync 7 at Fri Jul 17 18:07:11 UTC 2026
Cache sync 8 at Fri Jul 17 18:07:11 UTC 2026
Cache sync 9 at Fri Jul 17 18:07:11 UTC 2026
Cache sync 10 at Fri Jul 17 18:07:11 UTC 2026
Cache sync 11 at Fri Jul 17 18:07:11 UTC 2026
Cache sync 12 at Fri Jul 17 18:07:11 UTC 2026
Cache sync 13 at Fri Jul 17 18:07:11 UTC 2026
Cache sync 14 at Fri Jul 17 18:07:11 UTC 2026
Cache sync 15 at Fri Jul 17 18:07:11 UTC 2026
Cache sync 16 at Fri Jul 17 18:07:11 UTC 2026
Cache sync 17 at Fri Jul 17 18:07:11 UTC 2026
Cache sync 18 at Fri Jul 17 18:07:11 UTC 2026
Cache sync 19 at Fri Jul 17 18:07:11 UTC 2026
Cache sync 20 at Fri Jul 17 18:07:11 UTC 2026
Cache sync 21 at Fri Jul 17 18:07:11 UTC 2026
Cache sync 22 at Fri Jul 17 18:07:11 UTC 2026
Cache sync 1 at Sat Jul 18 17:56:48 UTC 2026
Cache sync 2 at Sat Jul 18 17:56:48 UTC 2026
Cache sync 3 at Sat Jul 18 17:56:48 UTC 2026
Cache sync 4 at Sat Jul 18 17:56:48 UTC 2026
Cache sync 5 at Sat Jul 18 17:56:48 UTC 2026
Cache sync 6 at Sat Jul 18 17:56:48 UTC 2026
Cache sync 7 at Sat Jul 18 17:56:48 UTC 2026
Cache sync 8 at Sat Jul 18 17:56:48 UTC 2026
Cache sync 9 at Sat Jul 18 17:56:48 UTC 2026
Cache sync 10 at Sat Jul 18 17:56:48 UTC 2026
Cache sync 11 at Sat Jul 18 17:56:48 UTC 2026
Cache sync 12 at Sat Jul 18 17:56:48 UTC 2026
Cache sync 13 at Sat Jul 18 17:56:48 UTC 2026
Cache sync 14 at Sat Jul 18 17:56:48 UTC 2026
Cache sync 15 at Sat Jul 18 17:56:48 UTC 2026
Cache sync 16 at Sat Jul 18 17:56:48 UTC 2026
Cache sync 17 at Sat Jul 18 17:56:48 UTC 2026
Cache sync 18 at Sat Jul 18 17:56:48 UTC 2026
Cache sync 19 at Sat Jul 18 17:56:48 UTC 2026
Cache sync 20 at Sat Jul 18 17:56:48 UTC 2026
Cache sync 21 at Sat Jul 18 17:56:48 UTC 2026
Cache sync 22 at Sat Jul 18 17:56:48 UTC 2026
Cache sync 23 at Sat Jul 18 17:56:48 UTC 2026
Cache sync 24 at Sat Jul 18 17:56:48 UTC 2026
Cache sync 25 at Sat Jul 18 17:56:48 UTC 2026
Cache sync 26 at Sat Jul 18 17:56:48 UTC 2026
Cache sync 27 at Sat Jul 18 17:56:48 UTC 2026
Cache sync 28 at Sat Jul 18 17:56:48 UTC 2026
Cache sync 29 at Sat Jul 18 17:56:48 UTC 2026
Cache sync 30 at Sat Jul 18 17:56:48 UTC 2026
Cache sync 31 at Sat Jul 18 17:56:48 UTC 2026
Cache sync 32 at Sat Jul 18 17:56:48 UTC 2026
Cache sync 33 at Sat Jul 18 17:56:48 UTC 2026
Cache sync 34 at Sat Jul 18 17:56:48 UTC 2026
Cache sync 35 at Sat Jul 18 17:56:48 UTC 2026
Cache sync 36 at Sat Jul 18 17:56:48 UTC 2026
Cache sync 37 at Sat Jul 18 17:56:48 UTC 2026
Cache sync 38 at Sat Jul 18 17:56:48 UTC 2026
Cache sync 39 at Sat Jul 18 17:56:48 UTC 2026
Cache sync 40 at Sat Jul 18 17:56:48 UTC 2026
Cache sync 41 at Sat Jul 18 17:56:48 UTC 2026
Cache sync 42 at Sat Jul 18 17:56:48 UTC 2026
Cache sync 43 at Sat Jul 18 17:56:48 UTC 2026
Cache sync 44 at Sat Jul 18 17:56:48 UTC 2026
Cache sync 45 at Sat Jul 18 17:56:48 UTC 2026
Cache sync 46 at Sat Jul 18 17:56:48 UTC 2026
Cache sync 47 at Sat Jul 18 17:56:48 UTC 2026
Cache sync 48 at Sat Jul 18 17:56:48 UTC 2026
Cache sync 49 at Sat Jul 18 17:56:48 UTC 2026
Cache sync 50 at Sat Jul 18 17:56:48 UTC 2026
Cache sync 51 at Sat Jul 18 17:56:48 UTC 2026
Cache sync 52 at Sat Jul 18 17:56:48 UTC 2026
Cache sync 53 at Sat Jul 18 17:56:48 UTC 2026
Cache sync 54 at Sat Jul 18 17:56:48 UTC 2026
Cache sync 55 at Sat Jul 18 17:56:48 UTC 2026
Cache sync 56 at Sat Jul 18 17:56:48 UTC 2026
Cache sync 57 at Sat Jul 18 17:56:48 UTC 2026
Cache sync 58 at Sat Jul 18 17:56:48 UTC 2026
Cache sync 1 at Sun Jul 19 17:58:54 UTC 2026
Cache sync 2 at Sun Jul 19 17:58:54 UTC 2026
Cache sync 3 at Sun Jul 19 17:58:54 UTC 2026
Cache sync 4 at Sun Jul 19 17:58:54 UTC 2026
Cache sync 5 at Sun Jul 19 17:58:54 UTC 2026
Cache sync 6 at Sun Jul 19 17:58:54 UTC 2026
Cache sync 7 at Sun Jul 19 17:58:54 UTC 2026
Cache sync 8 at Sun Jul 19 17:58:54 UTC 2026
Cache sync 9 at Sun Jul 19 17:58:54 UTC 2026
Cache sync 10 at Sun Jul 19 17:58:54 UTC 2026
Cache sync 11 at Sun Jul 19 17:58:54 UTC 2026
Cache sync 12 at Sun Jul 19 17:58:54 UTC 2026
Cache sync 13 at Sun Jul 19 17:58:54 UTC 2026
Cache sync 14 at Sun Jul 19 17:58:54 UTC 2026
Cache sync 15 at Sun Jul 19 17:58:54 UTC 2026
Cache sync 16 at Sun Jul 19 17:58:54 UTC 2026
Cache sync 17 at Sun Jul 19 17:58:54 UTC 2026
Cache sync 18 at Sun Jul 19 17:58:54 UTC 2026
Cache sync 19 at Sun Jul 19 17:58:54 UTC 2026
Cache sync 20 at Sun Jul 19 17:58:54 UTC 2026
Cache sync 21 at Sun Jul 19 17:58:54 UTC 2026
Cache sync 22 at Sun Jul 19 17:58:54 UTC 2026
Cache sync 23 at Sun Jul 19 17:58:54 UTC 2026
Cache sync 24 at Sun Jul 19 17:58:54 UTC 2026
Cache sync 25 at Sun Jul 19 17:58:54 UTC 2026
Cache sync 26 at Sun Jul 19 17:58:54 UTC 2026
Cache sync 27 at Sun Jul 19 17:58:54 UTC 2026
Cache sync 28 at Sun Jul 19 17:58:54 UTC 2026
Cache sync 29 at Sun Jul 19 17:58:54 UTC 2026
Cache sync 30 at Sun Jul 19 17:58:54 UTC 2026
Cache sync 31 at Sun Jul 19 17:58:54 UTC 2026
Cache sync 32 at Sun Jul 19 17:58:54 UTC 2026
Cache sync 33 at Sun Jul 19 17:58:54 UTC 2026
Cache sync 34 at Sun Jul 19 17:58:54 UTC 2026
Cache sync 35 at Sun Jul 19 17:58:54 UTC 2026
Cache sync 36 at Sun Jul 19 17:58:54 UTC 2026
Cache sync 37 at Sun Jul 19 17:58:54 UTC 2026
Cache sync 38 at Sun Jul 19 17:58:54 UTC 2026
Cache sync 39 at Sun Jul 19 17:58:54 UTC 2026
Cache sync 40 at Sun Jul 19 17:58:54 UTC 2026
Cache sync 41 at Sun Jul 19 17:58:54 UTC 2026
Cache sync 42 at Sun Jul 19 17:58:54 UTC 2026
Cache sync 43 at Sun Jul 19 17:58:54 UTC 2026
Cache sync 44 at Sun Jul 19 17:58:54 UTC 2026
Cache sync 45 at Sun Jul 19 17:58:54 UTC 2026
Cache sync 46 at Sun Jul 19 17:58:54 UTC 2026
Cache sync 47 at Sun Jul 19 17:58:54 UTC 2026
Cache sync 48 at Sun Jul 19 17:58:55 UTC 2026
Cache sync 49 at Sun Jul 19 17:58:55 UTC 2026
Cache sync 50 at Sun Jul 19 17:58:55 UTC 2026
Cache sync 51 at Sun Jul 19 17:58:55 UTC 2026
Cache sync 52 at Sun Jul 19 17:58:55 UTC 2026
Cache sync 53 at Sun Jul 19 17:58:55 UTC 2026
Cache sync 54 at Sun Jul 19 17:58:55 UTC 2026
Cache sync 55 at Sun Jul 19 17:58:55 UTC 2026
Cache sync 56 at Sun Jul 19 17:58:55 UTC 2026
Cache sync 57 at Sun Jul 19 17:58:55 UTC 2026
Cache sync 58 at Sun Jul 19 17:58:55 UTC 2026
Cache sync 59 at Sun Jul 19 17:58:55 UTC 2026
Cache sync 60 at Sun Jul 19 17:58:55 UTC 2026
Cache sync 61 at Sun Jul 19 17:58:55 UTC 2026
Cache sync 62 at Sun Jul 19 17:58:55 UTC 2026
Cache sync 63 at Sun Jul 19 17:58:55 UTC 2026
Cache sync 64 at Sun Jul 19 17:58:55 UTC 2026
Cache sync 65 at Sun Jul 19 17:58:55 UTC 2026
Cache sync 66 at Sun Jul 19 17:58:55 UTC 2026
Cache sync 67 at Sun Jul 19 17:58:55 UTC 2026
Cache sync 68 at Sun Jul 19 17:58:55 UTC 2026
Cache sync 69 at Sun Jul 19 17:58:55 UTC 2026
Cache sync 70 at Sun Jul 19 17:58:55 UTC 2026
Cache sync 71 at Sun Jul 19 17:58:55 UTC 2026
Cache sync 1 at Mon Jul 20 18:53:23 UTC 2026
Cache sync 2 at Mon Jul 20 18:53:23 UTC 2026
Cache sync 3 at Mon Jul 20 18:53:23 UTC 2026
Cache sync 4 at Mon Jul 20 18:53:23 UTC 2026
Cache sync 5 at Mon Jul 20 18:53:24 UTC 2026
Cache sync 6 at Mon Jul 20 18:53:24 UTC 2026
Cache sync 7 at Mon Jul 20 18:53:24 UTC 2026
Cache sync 8 at Mon Jul 20 18:53:24 UTC 2026
Cache sync 9 at Mon Jul 20 18:53:24 UTC 2026
Cache sync 10 at Mon Jul 20 18:53:24 UTC 2026
Cache sync 11 at Mon Jul 20 18:53:24 UTC 2026
Cache sync 12 at Mon Jul 20 18:53:24 UTC 2026
Cache sync 13 at Mon Jul 20 18:53:24 UTC 2026
Cache sync 14 at Mon Jul 20 18:53:24 UTC 2026
Cache sync 15 at Mon Jul 20 18:53:24 UTC 2026
Cache sync 16 at Mon Jul 20 18:53:24 UTC 2026
Cache sync 17 at Mon Jul 20 18:53:24 UTC 2026
Cache sync 18 at Mon Jul 20 18:53:24 UTC 2026
Cache sync 19 at Mon Jul 20 18:53:24 UTC 2026
Cache sync 20 at Mon Jul 20 18:53:24 UTC 2026
Cache sync 21 at Mon Jul 20 18:53:24 UTC 2026
Cache sync 22 at Mon Jul 20 18:53:24 UTC 2026
Cache sync 23 at Mon Jul 20 18:53:24 UTC 2026
Cache sync 24 at Mon Jul 20 18:53:24 UTC 2026
Cache sync 25 at Mon Jul 20 18:53:24 UTC 2026
Cache sync 26 at Mon Jul 20 18:53:24 UTC 2026
Cache sync 27 at Mon Jul 20 18:53:24 UTC 2026
Cache sync 28 at Mon Jul 20 18:53:24 UTC 2026
Cache sync 29 at Mon Jul 20 18:53:24 UTC 2026
Cache sync 30 at Mon Jul 20 18:53:24 UTC 2026
Cache sync 31 at Mon Jul 20 18:53:24 UTC 2026
Cache sync 32 at Mon Jul 20 18:53:24 UTC 2026
Cache sync 33 at Mon Jul 20 18:53:24 UTC 2026
Cache sync 34 at Mon Jul 20 18:53:24 UTC 2026
Cache sync 35 at Mon Jul 20 18:53:24 UTC 2026
Cache sync 36 at Mon Jul 20 18:53:24 UTC 2026
Cache sync 37 at Mon Jul 20 18:53:24 UTC 2026
Cache sync 38 at Mon Jul 20 18:53:24 UTC 2026
Cache sync 39 at Mon Jul 20 18:53:24 UTC 2026
Cache sync 40 at Mon Jul 20 18:53:24 UTC 2026
Cache sync 41 at Mon Jul 20 18:53:24 UTC 2026
Cache sync 42 at Mon Jul 20 18:53:24 UTC 2026
Cache sync 43 at Mon Jul 20 18:53:24 UTC 2026
Cache sync 44 at Mon Jul 20 18:53:24 UTC 2026
Cache sync 45 at Mon Jul 20 18:53:24 UTC 2026
Cache sync 46 at Mon Jul 20 18:53:24 UTC 2026
Cache sync 1 at Tue Jul 21 18:16:28 UTC 2026
Cache sync 2 at Tue Jul 21 18:16:28 UTC 2026
Cache sync 3 at Tue Jul 21 18:16:28 UTC 2026
Cache sync 4 at Tue Jul 21 18:16:28 UTC 2026
Cache sync 5 at Tue Jul 21 18:16:28 UTC 2026
Cache sync 6 at Tue Jul 21 18:16:28 UTC 2026
Cache sync 7 at Tue Jul 21 18:16:28 UTC 2026
Cache sync 8 at Tue Jul 21 18:16:28 UTC 2026
Cache sync 9 at Tue Jul 21 18:16:28 UTC 2026
Cache sync 10 at Tue Jul 21 18:16:28 UTC 2026
Cache sync 11 at Tue Jul 21 18:16:28 UTC 2026
Cache sync 12 at Tue Jul 21 18:16:28 UTC 2026
Cache sync 13 at Tue Jul 21 18:16:28 UTC 2026
Cache sync 14 at Tue Jul 21 18:16:28 UTC 2026
Cache sync 15 at Tue Jul 21 18:16:28 UTC 2026
Cache sync 16 at Tue Jul 21 18:16:28 UTC 2026
Cache sync 17 at Tue Jul 21 18:16:28 UTC 2026
Cache sync 18 at Tue Jul 21 18:16:28 UTC 2026
Cache sync 19 at Tue Jul 21 18:16:28 UTC 2026
Cache sync 20 at Tue Jul 21 18:16:28 UTC 2026
Cache sync 21 at Tue Jul 21 18:16:28 UTC 2026
Cache sync 22 at Tue Jul 21 18:16:28 UTC 2026
Cache sync 23 at Tue Jul 21 18:16:28 UTC 2026
Cache sync 24 at Tue Jul 21 18:16:28 UTC 2026
Cache sync 25 at Tue Jul 21 18:16:28 UTC 2026
Cache sync 26 at Tue Jul 21 18:16:28 UTC 2026
Cache sync 27 at Tue Jul 21 18:16:28 UTC 2026
Cache sync 28 at Tue Jul 21 18:16:28 UTC 2026
Cache sync 29 at Tue Jul 21 18:16:28 UTC 2026
Cache sync 30 at Tue Jul 21 18:16:28 UTC 2026
Cache sync 31 at Tue Jul 21 18:16:28 UTC 2026
Cache sync 32 at Tue Jul 21 18:16:29 UTC 2026
Cache sync 33 at Tue Jul 21 18:16:29 UTC 2026
Cache sync 34 at Tue Jul 21 18:16:29 UTC 2026
Cache sync 35 at Tue Jul 21 18:16:29 UTC 2026
Cache sync 36 at Tue Jul 21 18:16:29 UTC 2026
Cache sync 37 at Tue Jul 21 18:16:29 UTC 2026
Cache sync 38 at Tue Jul 21 18:16:29 UTC 2026
Cache sync 39 at Tue Jul 21 18:16:29 UTC 2026
Cache sync 40 at Tue Jul 21 18:16:29 UTC 2026
Cache sync 41 at Tue Jul 21 18:16:29 UTC 2026
Cache sync 42 at Tue Jul 21 18:16:29 UTC 2026
Cache sync 43 at Tue Jul 21 18:16:29 UTC 2026
Cache sync 44 at Tue Jul 21 18:16:29 UTC 2026
Cache sync 45 at Tue Jul 21 18:16:29 UTC 2026
Cache sync 46 at Tue Jul 21 18:16:29 UTC 2026
Cache sync 47 at Tue Jul 21 18:16:29 UTC 2026
Cache sync 48 at Tue Jul 21 18:16:29 UTC 2026
Cache sync 49 at Tue Jul 21 18:16:29 UTC 2026
Cache sync 50 at Tue Jul 21 18:16:29 UTC 2026
Cache sync 51 at Tue Jul 21 18:16:29 UTC 2026
Cache sync 52 at Tue Jul 21 18:16:29 UTC 2026
Cache sync 1 at Wed Jul 22 18:08:17 UTC 2026
Cache sync 2 at Wed Jul 22 18:08:17 UTC 2026
Cache sync 3 at Wed Jul 22 18:08:17 UTC 2026
Cache sync 4 at Wed Jul 22 18:08:17 UTC 2026
Cache sync 5 at Wed Jul 22 18:08:17 UTC 2026
Cache sync 6 at Wed Jul 22 18:08:17 UTC 2026
Cache sync 7 at Wed Jul 22 18:08:17 UTC 2026
Cache sync 8 at Wed Jul 22 18:08:17 UTC 2026
Cache sync 9 at Wed Jul 22 18:08:17 UTC 2026
Cache sync 10 at Wed Jul 22 18:08:17 UTC 2026
Cache sync 11 at Wed Jul 22 18:08:17 UTC 2026
Cache sync 12 at Wed Jul 22 18:08:17 UTC 2026
Cache sync 13 at Wed Jul 22 18:08:17 UTC 2026
Cache sync 14 at Wed Jul 22 18:08:17 UTC 2026
Cache sync 15 at Wed Jul 22 18:08:17 UTC 2026
Cache sync 16 at Wed Jul 22 18:08:17 UTC 2026
Cache sync 17 at Wed Jul 22 18:08:17 UTC 2026
Cache sync 18 at Wed Jul 22 18:08:17 UTC 2026
Cache sync 19 at Wed Jul 22 18:08:17 UTC 2026
Cache sync 20 at Wed Jul 22 18:08:18 UTC 2026
Cache sync 21 at Wed Jul 22 18:08:18 UTC 2026
Cache sync 22 at Wed Jul 22 18:08:18 UTC 2026
Cache sync 23 at Wed Jul 22 18:08:18 UTC 2026
Cache sync 24 at Wed Jul 22 18:08:18 UTC 2026
Cache sync 25 at Wed Jul 22 18:08:18 UTC 2026
Cache sync 26 at Wed Jul 22 18:08:18 UTC 2026
Cache sync 27 at Wed Jul 22 18:08:18 UTC 2026
Cache sync 28 at Wed Jul 22 18:08:18 UTC 2026
Cache sync 29 at Wed Jul 22 18:08:18 UTC 2026
Cache sync 30 at Wed Jul 22 18:08:18 UTC 2026
Cache sync 31 at Wed Jul 22 18:08:18 UTC 2026
Cache sync 32 at Wed Jul 22 18:08:18 UTC 2026
Cache sync 33 at Wed Jul 22 18:08:18 UTC 2026
Cache sync 1 at Thu Jul 23 18:14:30 UTC 2026
Cache sync 2 at Thu Jul 23 18:14:30 UTC 2026
Cache sync 3 at Thu Jul 23 18:14:30 UTC 2026
Cache sync 4 at Thu Jul 23 18:14:30 UTC 2026
Cache sync 5 at Thu Jul 23 18:14:30 UTC 2026
Cache sync 6 at Thu Jul 23 18:14:30 UTC 2026
Cache sync 7 at Thu Jul 23 18:14:30 UTC 2026
Cache sync 8 at Thu Jul 23 18:14:30 UTC 2026
Cache sync 9 at Thu Jul 23 18:14:30 UTC 2026
Cache sync 10 at Thu Jul 23 18:14:30 UTC 2026
Cache sync 11 at Thu Jul 23 18:14:30 UTC 2026
Cache sync 12 at Thu Jul 23 18:14:30 UTC 2026
Cache sync 13 at Thu Jul 23 18:14:30 UTC 2026
Cache sync 14 at Thu Jul 23 18:14:30 UTC 2026
Cache sync 15 at Thu Jul 23 18:14:30 UTC 2026
Cache sync 16 at Thu Jul 23 18:14:30 UTC 2026
Cache sync 17 at Thu Jul 23 18:14:30 UTC 2026
Cache sync 18 at Thu Jul 23 18:14:30 UTC 2026
Cache sync 19 at Thu Jul 23 18:14:30 UTC 2026
Cache sync 20 at Thu Jul 23 18:14:30 UTC 2026
Cache sync 21 at Thu Jul 23 18:14:30 UTC 2026
Cache sync 22 at Thu Jul 23 18:14:30 UTC 2026
Cache sync 23 at Thu Jul 23 18:14:30 UTC 2026
Cache sync 24 at Thu Jul 23 18:14:30 UTC 2026
Cache sync 25 at Thu Jul 23 18:14:30 UTC 2026
Cache sync 26 at Thu Jul 23 18:14:30 UTC 2026
Cache sync 27 at Thu Jul 23 18:14:30 UTC 2026
Cache sync 28 at Thu Jul 23 18:14:30 UTC 2026
Cache sync 29 at Thu Jul 23 18:14:30 UTC 2026
Cache sync 30 at Thu Jul 23 18:14:30 UTC 2026
Cache sync 31 at Thu Jul 23 18:14:30 UTC 2026
Cache sync 32 at Thu Jul 23 18:14:30 UTC 2026
Cache sync 33 at Thu Jul 23 18:14:30 UTC 2026
Cache sync 34 at Thu Jul 23 18:14:30 UTC 2026
Cache sync 35 at Thu Jul 23 18:14:30 UTC 2026
Cache sync 36 at Thu Jul 23 18:14:30 UTC 2026
Cache sync 37 at Thu Jul 23 18:14:30 UTC 2026
Cache sync 38 at Thu Jul 23 18:14:30 UTC 2026
Cache sync 39 at Thu Jul 23 18:14:30 UTC 2026
Cache sync 40 at Thu Jul 23 18:14:30 UTC 2026
Cache sync 41 at Thu Jul 23 18:14:30 UTC 2026
Cache sync 42 at Thu Jul 23 18:14:30 UTC 2026
Cache sync 43 at Thu Jul 23 18:14:30 UTC 2026
Cache sync 44 at Thu Jul 23 18:14:30 UTC 2026
Cache sync 45 at Thu Jul 23 18:14:30 UTC 2026
Cache sync 46 at Thu Jul 23 18:14:30 UTC 2026
Cache sync 47 at Thu Jul 23 18:14:30 UTC 2026
Cache sync 1 at Fri Jul 24 18:19:51 UTC 2026
Cache sync 2 at Fri Jul 24 18:19:51 UTC 2026
Cache sync 3 at Fri Jul 24 18:19:51 UTC 2026
Cache sync 4 at Fri Jul 24 18:19:51 UTC 2026
Cache sync 5 at Fri Jul 24 18:19:51 UTC 2026
Cache sync 6 at Fri Jul 24 18:19:51 UTC 2026
Cache sync 7 at Fri Jul 24 18:19:52 UTC 2026
Cache sync 8 at Fri Jul 24 18:19:52 UTC 2026
Cache sync 9 at Fri Jul 24 18:19:52 UTC 2026
Cache sync 10 at Fri Jul 24 18:19:52 UTC 2026
Cache sync 11 at Fri Jul 24 18:19:52 UTC 2026
Cache sync 12 at Fri Jul 24 18:19:52 UTC 2026
Cache sync 13 at Fri Jul 24 18:19:52 UTC 2026
Cache sync 14 at Fri Jul 24 18:19:52 UTC 2026
Cache sync 15 at Fri Jul 24 18:19:52 UTC 2026
Cache sync 16 at Fri Jul 24 18:19:52 UTC 2026
Cache sync 17 at Fri Jul 24 18:19:52 UTC 2026
Cache sync 18 at Fri Jul 24 18:19:52 UTC 2026
Cache sync 19 at Fri Jul 24 18:19:52 UTC 2026
Cache sync 20 at Fri Jul 24 18:19:52 UTC 2026
Cache sync 21 at Fri Jul 24 18:19:52 UTC 2026
Cache sync 22 at Fri Jul 24 18:19:52 UTC 2026
Cache sync 23 at Fri Jul 24 18:19:52 UTC 2026
Cache sync 24 at Fri Jul 24 18:19:52 UTC 2026
Cache sync 25 at Fri Jul 24 18:19:52 UTC 2026
Cache sync 26 at Fri Jul 24 18:19:52 UTC 2026
Cache sync 27 at Fri Jul 24 18:19:52 UTC 2026
Cache sync 28 at Fri Jul 24 18:19:52 UTC 2026
Cache sync 29 at Fri Jul 24 18:19:52 UTC 2026
Cache sync 30 at Fri Jul 24 18:19:52 UTC 2026
Cache sync 31 at Fri Jul 24 18:19:52 UTC 2026
Cache sync 32 at Fri Jul 24 18:19:52 UTC 2026
Cache sync 33 at Fri Jul 24 18:19:52 UTC 2026
Cache sync 34 at Fri Jul 24 18:19:52 UTC 2026
Cache sync 35 at Fri Jul 24 18:19:52 UTC 2026
Cache sync 36 at Fri Jul 24 18:19:52 UTC 2026
Cache sync 37 at Fri Jul 24 18:19:52 UTC 2026
Cache sync 38 at Fri Jul 24 18:19:52 UTC 2026
Cache sync 39 at Fri Jul 24 18:19:52 UTC 2026
Cache sync 40 at Fri Jul 24 18:19:52 UTC 2026
Cache sync 41 at Fri Jul 24 18:19:52 UTC 2026
Cache sync 42 at Fri Jul 24 18:19:52 UTC 2026
Cache sync 43 at Fri Jul 24 18:19:52 UTC 2026
Cache sync 44 at Fri Jul 24 18:19:52 UTC 2026
Cache sync 45 at Fri Jul 24 18:19:52 UTC 2026
Cache sync 46 at Fri Jul 24 18:19:52 UTC 2026
Cache sync 47 at Fri Jul 24 18:19:52 UTC 2026
Cache sync 48 at Fri Jul 24 18:19:52 UTC 2026
Cache sync 49 at Fri Jul 24 18:19:52 UTC 2026
Cache sync 50 at Fri Jul 24 18:19:52 UTC 2026
Cache sync 51 at Fri Jul 24 18:19:52 UTC 2026
Cache sync 52 at Fri Jul 24 18:19:52 UTC 2026
Cache sync 53 at Fri Jul 24 18:19:52 UTC 2026
Cache sync 54 at Fri Jul 24 18:19:52 UTC 2026
Cache sync 55 at Fri Jul 24 18:19:52 UTC 2026
Cache sync 56 at Fri Jul 24 18:19:52 UTC 2026
Cache sync 57 at Fri Jul 24 18:19:52 UTC 2026
Cache sync 58 at Fri Jul 24 18:19:52 UTC 2026
Cache sync 1 at Sat Jul 25 17:58:56 UTC 2026
Cache sync 2 at Sat Jul 25 17:58:56 UTC 2026
Cache sync 3 at Sat Jul 25 17:58:56 UTC 2026
Cache sync 4 at Sat Jul 25 17:58:56 UTC 2026
Cache sync 5 at Sat Jul 25 17:58:56 UTC 2026
Cache sync 6 at Sat Jul 25 17:58:56 UTC 2026
Cache sync 7 at Sat Jul 25 17:58:56 UTC 2026
Cache sync 8 at Sat Jul 25 17:58:56 UTC 2026
Cache sync 9 at Sat Jul 25 17:58:56 UTC 2026
Cache sync 10 at Sat Jul 25 17:58:56 UTC 2026
Cache sync 11 at Sat Jul 25 17:58:56 UTC 2026
Cache sync 12 at Sat Jul 25 17:58:56 UTC 2026
Cache sync 13 at Sat Jul 25 17:58:56 UTC 2026
Cache sync 14 at Sat Jul 25 17:58:56 UTC 2026
Cache sync 15 at Sat Jul 25 17:58:56 UTC 2026
Cache sync 16 at Sat Jul 25 17:58:56 UTC 2026
Cache sync 17 at Sat Jul 25 17:58:56 UTC 2026
Cache sync 18 at Sat Jul 25 17:58:56 UTC 2026
Cache sync 19 at Sat Jul 25 17:58:56 UTC 2026
Cache sync 20 at Sat Jul 25 17:58:56 UTC 2026
Cache sync 21 at Sat Jul 25 17:58:56 UTC 2026
Cache sync 22 at Sat Jul 25 17:58:56 UTC 2026
Cache sync 23 at Sat Jul 25 17:58:56 UTC 2026
Cache sync 24 at Sat Jul 25 17:58:56 UTC 2026
Cache sync 25 at Sat Jul 25 17:58:56 UTC 2026
Cache sync 26 at Sat Jul 25 17:58:56 UTC 2026
Cache sync 27 at Sat Jul 25 17:58:56 UTC 2026
Cache sync 28 at Sat Jul 25 17:58:56 UTC 2026
Cache sync 29 at Sat Jul 25 17:58:56 UTC 2026
Cache sync 30 at Sat Jul 25 17:58:56 UTC 2026
Cache sync 31 at Sat Jul 25 17:58:56 UTC 2026
Cache sync 32 at Sat Jul 25 17:58:56 UTC 2026
Cache sync 33 at Sat Jul 25 17:58:56 UTC 2026
Cache sync 34 at Sat Jul 25 17:58:56 UTC 2026
Cache sync 35 at Sat Jul 25 17:58:56 UTC 2026
Cache sync 36 at Sat Jul 25 17:58:56 UTC 2026
Cache sync 37 at Sat Jul 25 17:58:56 UTC 2026
Cache sync 38 at Sat Jul 25 17:58:56 UTC 2026
Cache sync 39 at Sat Jul 25 17:58:56 UTC 2026
Cache sync 40 at Sat Jul 25 17:58:56 UTC 2026
Cache sync 41 at Sat Jul 25 17:58:56 UTC 2026
Cache sync 42 at Sat Jul 25 17:58:56 UTC 2026
Cache sync 43 at Sat Jul 25 17:58:56 UTC 2026
Cache sync 44 at Sat Jul 25 17:58:56 UTC 2026
Cache sync 45 at Sat Jul 25 17:58:56 UTC 2026
Cache sync 46 at Sat Jul 25 17:58:56 UTC 2026
Cache sync 47 at Sat Jul 25 17:58:56 UTC 2026
Cache sync 48 at Sat Jul 25 17:58:56 UTC 2026
Cache sync 49 at Sat Jul 25 17:58:56 UTC 2026
Cache sync 50 at Sat Jul 25 17:58:56 UTC 2026
Cache sync 51 at Sat Jul 25 17:58:56 UTC 2026
Cache sync 52 at Sat Jul 25 17:58:56 UTC 2026
Cache sync 53 at Sat Jul 25 17:58:56 UTC 2026
Cache sync 54 at Sat Jul 25 17:58:56 UTC 2026
Cache sync 55 at Sat Jul 25 17:58:56 UTC 2026
Cache sync 56 at Sat Jul 25 17:58:56 UTC 2026
Cache sync 57 at Sat Jul 25 17:58:56 UTC 2026
Cache sync 58 at Sat Jul 25 17:58:56 UTC 2026
Cache sync 59 at Sat Jul 25 17:58:56 UTC 2026
Cache sync 60 at Sat Jul 25 17:58:56 UTC 2026
Cache sync 61 at Sat Jul 25 17:58:56 UTC 2026
Cache sync 62 at Sat Jul 25 17:58:56 UTC 2026
Cache sync 63 at Sat Jul 25 17:58:56 UTC 2026
Cache sync 64 at Sat Jul 25 17:58:56 UTC 2026
Cache sync 65 at Sat Jul 25 17:58:56 UTC 2026
Cache sync 66 at Sat Jul 25 17:58:56 UTC 2026
Cache sync 67 at Sat Jul 25 17:58:56 UTC 2026
Cache sync 68 at Sat Jul 25 17:58:56 UTC 2026
Cache sync 69 at Sat Jul 25 17:58:56 UTC 2026
Cache sync 70 at Sat Jul 25 17:58:56 UTC 2026
Cache sync 71 at Sat Jul 25 17:58:56 UTC 2026
Cache sync 72 at Sat Jul 25 17:58:56 UTC 2026
Cache sync 73 at Sat Jul 25 17:58:56 UTC 2026
Cache sync 74 at Sat Jul 25 17:58:56 UTC 2026
Cache sync 75 at Sat Jul 25 17:58:56 UTC 2026
Cache sync 76 at Sat Jul 25 17:58:56 UTC 2026
Cache sync 77 at Sat Jul 25 17:58:56 UTC 2026
Cache sync 78 at Sat Jul 25 17:58:56 UTC 2026
Cache sync 79 at Sat Jul 25 17:58:56 UTC 2026
Cache sync 80 at Sat Jul 25 17:58:56 UTC 2026
Cache sync 81 at Sat Jul 25 17:58:56 UTC 2026
Cache sync 82 at Sat Jul 25 17:58:56 UTC 2026
Cache sync 83 at Sat Jul 25 17:58:56 UTC 2026
Cache sync 1 at Sun Jul 26 18:02:03 UTC 2026
Cache sync 2 at Sun Jul 26 18:02:03 UTC 2026
Cache sync 3 at Sun Jul 26 18:02:03 UTC 2026
Cache sync 4 at Sun Jul 26 18:02:03 UTC 2026
Cache sync 5 at Sun Jul 26 18:02:03 UTC 2026
Cache sync 6 at Sun Jul 26 18:02:03 UTC 2026
Cache sync 7 at Sun Jul 26 18:02:03 UTC 2026
Cache sync 8 at Sun Jul 26 18:02:03 UTC 2026
Cache sync 9 at Sun Jul 26 18:02:03 UTC 2026
Cache sync 10 at Sun Jul 26 18:02:03 UTC 2026
Cache sync 11 at Sun Jul 26 18:02:03 UTC 2026
Cache sync 12 at Sun Jul 26 18:02:03 UTC 2026
Cache sync 13 at Sun Jul 26 18:02:03 UTC 2026
Cache sync 14 at Sun Jul 26 18:02:03 UTC 2026
Cache sync 15 at Sun Jul 26 18:02:03 UTC 2026
Cache sync 16 at Sun Jul 26 18:02:03 UTC 2026
Cache sync 17 at Sun Jul 26 18:02:04 UTC 2026
Cache sync 18 at Sun Jul 26 18:02:04 UTC 2026
Cache sync 19 at Sun Jul 26 18:02:04 UTC 2026
Cache sync 20 at Sun Jul 26 18:02:04 UTC 2026
Cache sync 21 at Sun Jul 26 18:02:04 UTC 2026
Cache sync 22 at Sun Jul 26 18:02:04 UTC 2026
Cache sync 23 at Sun Jul 26 18:02:04 UTC 2026
Cache sync 24 at Sun Jul 26 18:02:04 UTC 2026
Cache sync 25 at Sun Jul 26 18:02:04 UTC 2026
Cache sync 26 at Sun Jul 26 18:02:04 UTC 2026
Cache sync 27 at Sun Jul 26 18:02:04 UTC 2026
Cache sync 28 at Sun Jul 26 18:02:04 UTC 2026
Cache sync 29 at Sun Jul 26 18:02:04 UTC 2026
Cache sync 30 at Sun Jul 26 18:02:04 UTC 2026
Cache sync 31 at Sun Jul 26 18:02:04 UTC 2026
Cache sync 32 at Sun Jul 26 18:02:04 UTC 2026
Cache sync 33 at Sun Jul 26 18:02:04 UTC 2026
Cache sync 34 at Sun Jul 26 18:02:04 UTC 2026
Cache sync 35 at Sun Jul 26 18:02:04 UTC 2026
Cache sync 36 at Sun Jul 26 18:02:04 UTC 2026
Cache sync 37 at Sun Jul 26 18:02:04 UTC 2026
Cache sync 38 at Sun Jul 26 18:02:04 UTC 2026
Cache sync 39 at Sun Jul 26 18:02:05 UTC 2026
Cache sync 40 at Sun Jul 26 18:02:05 UTC 2026
Cache sync 41 at Sun Jul 26 18:02:05 UTC 2026
Cache sync 42 at Sun Jul 26 18:02:05 UTC 2026
Cache sync 43 at Sun Jul 26 18:02:05 UTC 2026
Cache sync 44 at Sun Jul 26 18:02:06 UTC 2026
Cache sync 45 at Sun Jul 26 18:02:06 UTC 2026
Cache sync 46 at Sun Jul 26 18:02:06 UTC 2026
Cache sync 47 at Sun Jul 26 18:02:06 UTC 2026
Cache sync 48 at Sun Jul 26 18:02:06 UTC 2026
Cache sync 49 at Sun Jul 26 18:02:06 UTC 2026
Cache sync 50 at Sun Jul 26 18:02:06 UTC 2026
Cache sync 51 at Sun Jul 26 18:02:06 UTC 2026
Cache sync 52 at Sun Jul 26 18:02:06 UTC 2026
Cache sync 53 at Sun Jul 26 18:02:06 UTC 2026
Cache sync 54 at Sun Jul 26 18:02:06 UTC 2026
Cache sync 55 at Sun Jul 26 18:02:06 UTC 2026
Cache sync 56 at Sun Jul 26 18:02:06 UTC 2026
Cache sync 57 at Sun Jul 26 18:02:06 UTC 2026
Cache sync 58 at Sun Jul 26 18:02:06 UTC 2026
Cache sync 59 at Sun Jul 26 18:02:06 UTC 2026
Cache sync 60 at Sun Jul 26 18:02:06 UTC 2026
Cache sync 61 at Sun Jul 26 18:02:06 UTC 2026
Cache sync 62 at Sun Jul 26 18:02:06 UTC 2026
Cache sync 63 at Sun Jul 26 18:02:06 UTC 2026
Cache sync 64 at Sun Jul 26 18:02:06 UTC 2026
Cache sync 65 at Sun Jul 26 18:02:06 UTC 2026
Cache sync 66 at Sun Jul 26 18:02:06 UTC 2026
Cache sync 67 at Sun Jul 26 18:02:06 UTC 2026
Cache sync 68 at Sun Jul 26 18:02:06 UTC 2026
Cache sync 69 at Sun Jul 26 18:02:06 UTC 2026
Cache sync 70 at Sun Jul 26 18:02:06 UTC 2026
Cache sync 71 at Sun Jul 26 18:02:06 UTC 2026
Cache sync 72 at Sun Jul 26 18:02:06 UTC 2026
Cache sync 73 at Sun Jul 26 18:02:06 UTC 2026
Cache sync 74 at Sun Jul 26 18:02:06 UTC 2026
Cache sync 75 at Sun Jul 26 18:02:06 UTC 2026
Cache sync 76 at Sun Jul 26 18:02:06 UTC 2026
Cache sync 77 at Sun Jul 26 18:02:06 UTC 2026
Cache sync 78 at Sun Jul 26 18:02:06 UTC 2026
Cache sync 79 at Sun Jul 26 18:02:06 UTC 2026
Cache sync 80 at Sun Jul 26 18:02:06 UTC 2026
Cache sync 81 at Sun Jul 26 18:02:06 UTC 2026
Cache sync 82 at Sun Jul 26 18:02:06 UTC 2026
Cache sync 83 at Sun Jul 26 18:02:06 UTC 2026
Cache sync 1 at Mon Jul 27 18:24:55 UTC 2026
Cache sync 2 at Mon Jul 27 18:24:55 UTC 2026
Cache sync 3 at Mon Jul 27 18:24:55 UTC 2026
Cache sync 4 at Mon Jul 27 18:24:55 UTC 2026
Cache sync 5 at Mon Jul 27 18:24:55 UTC 2026
Cache sync 6 at Mon Jul 27 18:24:55 UTC 2026
Cache sync 7 at Mon Jul 27 18:24:55 UTC 2026
Cache sync 8 at Mon Jul 27 18:24:55 UTC 2026
Cache sync 9 at Mon Jul 27 18:24:55 UTC 2026
Cache sync 10 at Mon Jul 27 18:24:55 UTC 2026
Cache sync 11 at Mon Jul 27 18:24:55 UTC 2026
Cache sync 12 at Mon Jul 27 18:24:55 UTC 2026
Cache sync 13 at Mon Jul 27 18:24:55 UTC 2026
Cache sync 14 at Mon Jul 27 18:24:55 UTC 2026
Cache sync 15 at Mon Jul 27 18:24:55 UTC 2026
Cache sync 16 at Mon Jul 27 18:24:55 UTC 2026
Cache sync 17 at Mon Jul 27 18:24:55 UTC 2026
Cache sync 18 at Mon Jul 27 18:24:55 UTC 2026
Cache sync 19 at Mon Jul 27 18:24:55 UTC 2026
Cache sync 20 at Mon Jul 27 18:24:56 UTC 2026
Cache sync 21 at Mon Jul 27 18:24:56 UTC 2026
Cache sync 22 at Mon Jul 27 18:24:56 UTC 2026
Cache sync 23 at Mon Jul 27 18:24:56 UTC 2026
Cache sync 24 at Mon Jul 27 18:24:56 UTC 2026
Cache sync 25 at Mon Jul 27 18:24:56 UTC 2026
Cache sync 26 at Mon Jul 27 18:24:56 UTC 2026
Cache sync 27 at Mon Jul 27 18:24:56 UTC 2026
Cache sync 28 at Mon Jul 27 18:24:56 UTC 2026
Cache sync 29 at Mon Jul 27 18:24:56 UTC 2026
Cache sync 30 at Mon Jul 27 18:24:56 UTC 2026
Cache sync 31 at Mon Jul 27 18:24:56 UTC 2026
Cache sync 32 at Mon Jul 27 18:24:56 UTC 2026
Cache sync 33 at Mon Jul 27 18:24:56 UTC 2026
Cache sync 34 at Mon Jul 27 18:24:56 UTC 2026
Cache sync 35 at Mon Jul 27 18:24:56 UTC 2026
Cache sync 36 at Mon Jul 27 18:24:56 UTC 2026
Cache sync 37 at Mon Jul 27 18:24:56 UTC 2026
Cache sync 38 at Mon Jul 27 18:24:56 UTC 2026
Cache sync 39 at Mon Jul 27 18:24:56 UTC 2026
Cache sync 40 at Mon Jul 27 18:24:56 UTC 2026
Cache sync 41 at Mon Jul 27 18:24:56 UTC 2026
Cache sync 42 at Mon Jul 27 18:24:56 UTC 2026
Cache sync 43 at Mon Jul 27 18:24:56 UTC 2026
Cache sync 44 at Mon Jul 27 18:24:56 UTC 2026
Cache sync 45 at Mon Jul 27 18:24:56 UTC 2026
Cache sync 46 at Mon Jul 27 18:24:56 UTC 2026
Cache sync 47 at Mon Jul 27 18:24:56 UTC 2026
Cache sync 48 at Mon Jul 27 18:24:56 UTC 2026
Cache sync 49 at Mon Jul 27 18:24:56 UTC 2026
Cache sync 50 at Mon Jul 27 18:24:56 UTC 2026
Cache sync 51 at Mon Jul 27 18:24:56 UTC 2026
Cache sync 52 at Mon Jul 27 18:24:56 UTC 2026
Cache sync 53 at Mon Jul 27 18:24:56 UTC 2026
Cache sync 54 at Mon Jul 27 18:24:56 UTC 2026
Cache sync 55 at Mon Jul 27 18:24:56 UTC 2026
Cache sync 56 at Mon Jul 27 18:24:56 UTC 2026
Cache sync 1 at Tue Jul 28 18:15:56 UTC 2026
Cache sync 2 at Tue Jul 28 18:15:56 UTC 2026
Cache sync 3 at Tue Jul 28 18:15:56 UTC 2026
Cache sync 4 at Tue Jul 28 18:15:56 UTC 2026
Cache sync 5 at Tue Jul 28 18:15:56 UTC 2026
Cache sync 6 at Tue Jul 28 18:15:56 UTC 2026
Cache sync 7 at Tue Jul 28 18:15:56 UTC 2026
Cache sync 8 at Tue Jul 28 18:15:56 UTC 2026
Cache sync 9 at Tue Jul 28 18:15:56 UTC 2026
Cache sync 10 at Tue Jul 28 18:15:56 UTC 2026
Cache sync 11 at Tue Jul 28 18:15:56 UTC 2026
Cache sync 1 at Wed Jul 29 18:08:35 UTC 2026
Cache sync 2 at Wed Jul 29 18:08:35 UTC 2026
Cache sync 3 at Wed Jul 29 18:08:35 UTC 2026
Cache sync 4 at Wed Jul 29 18:08:35 UTC 2026
Cache sync 5 at Wed Jul 29 18:08:35 UTC 2026
Cache sync 6 at Wed Jul 29 18:08:35 UTC 2026
Cache sync 7 at Wed Jul 29 18:08:35 UTC 2026
Cache sync 8 at Wed Jul 29 18:08:35 UTC 2026
Cache sync 9 at Wed Jul 29 18:08:35 UTC 2026
Cache sync 10 at Wed Jul 29 18:08:35 UTC 2026
Cache sync 11 at Wed Jul 29 18:08:35 UTC 2026
Cache sync 12 at Wed Jul 29 18:08:35 UTC 2026
Cache sync 13 at Wed Jul 29 18:08:35 UTC 2026
Cache sync 14 at Wed Jul 29 18:08:35 UTC 2026
Cache sync 15 at Wed Jul 29 18:08:35 UTC 2026
Cache sync 16 at Wed Jul 29 18:08:35 UTC 2026
Cache sync 17 at Wed Jul 29 18:08:35 UTC 2026
Cache sync 18 at Wed Jul 29 18:08:35 UTC 2026
Cache sync 19 at Wed Jul 29 18:08:35 UTC 2026
Cache sync 20 at Wed Jul 29 18:08:35 UTC 2026
Cache sync 21 at Wed Jul 29 18:08:35 UTC 2026
Cache sync 22 at Wed Jul 29 18:08:35 UTC 2026
Cache sync 23 at Wed Jul 29 18:08:35 UTC 2026
Cache sync 24 at Wed Jul 29 18:08:35 UTC 2026
Cache sync 25 at Wed Jul 29 18:08:35 UTC 2026
Cache sync 26 at Wed Jul 29 18:08:35 UTC 2026
Cache sync 27 at Wed Jul 29 18:08:35 UTC 2026
Cache sync 28 at Wed Jul 29 18:08:35 UTC 2026
Cache sync 29 at Wed Jul 29 18:08:35 UTC 2026
Cache sync 30 at Wed Jul 29 18:08:35 UTC 2026
Cache sync 31 at Wed Jul 29 18:08:35 UTC 2026
Cache sync 32 at Wed Jul 29 18:08:35 UTC 2026
Cache sync 33 at Wed Jul 29 18:08:35 UTC 2026
Cache sync 34 at Wed Jul 29 18:08:35 UTC 2026
Cache sync 35 at Wed Jul 29 18:08:35 UTC 2026
Cache sync 36 at Wed Jul 29 18:08:35 UTC 2026
Cache sync 37 at Wed Jul 29 18:08:35 UTC 2026
Cache sync 38 at Wed Jul 29 18:08:35 UTC 2026
Cache sync 39 at Wed Jul 29 18:08:35 UTC 2026
Cache sync 40 at Wed Jul 29 18:08:35 UTC 2026
Cache sync 41 at Wed Jul 29 18:08:35 UTC 2026
Cache sync 42 at Wed Jul 29 18:08:35 UTC 2026
Cache sync 43 at Wed Jul 29 18:08:35 UTC 2026
Cache sync 44 at Wed Jul 29 18:08:35 UTC 2026
Cache sync 45 at Wed Jul 29 18:08:35 UTC 2026
Cache sync 46 at Wed Jul 29 18:08:35 UTC 2026
Cache sync 47 at Wed Jul 29 18:08:35 UTC 2026
Cache sync 48 at Wed Jul 29 18:08:35 UTC 2026
Cache sync 49 at Wed Jul 29 18:08:35 UTC 2026
Cache sync 50 at Wed Jul 29 18:08:35 UTC 2026
Cache sync 51 at Wed Jul 29 18:08:35 UTC 2026
Cache sync 52 at Wed Jul 29 18:08:35 UTC 2026
Cache sync 53 at Wed Jul 29 18:08:35 UTC 2026
Cache sync 54 at Wed Jul 29 18:08:35 UTC 2026
Cache sync 55 at Wed Jul 29 18:08:35 UTC 2026
Cache sync 1 at Thu Jul 30 18:17:53 UTC 2026
Cache sync 2 at Thu Jul 30 18:17:53 UTC 2026
Cache sync 3 at Thu Jul 30 18:17:53 UTC 2026
Cache sync 4 at Thu Jul 30 18:17:53 UTC 2026
Cache sync 5 at Thu Jul 30 18:17:53 UTC 2026
Cache sync 6 at Thu Jul 30 18:17:53 UTC 2026
Cache sync 7 at Thu Jul 30 18:17:53 UTC 2026
Cache sync 8 at Thu Jul 30 18:17:53 UTC 2026
Cache sync 9 at Thu Jul 30 18:17:53 UTC 2026
Cache sync 10 at Thu Jul 30 18:17:53 UTC 2026
Cache sync 11 at Thu Jul 30 18:17:53 UTC 2026
Cache sync 12 at Thu Jul 30 18:17:53 UTC 2026
Cache sync 13 at Thu Jul 30 18:17:53 UTC 2026
Cache sync 14 at Thu Jul 30 18:17:53 UTC 2026
Cache sync 15 at Thu Jul 30 18:17:53 UTC 2026
Cache sync 16 at Thu Jul 30 18:17:53 UTC 2026
Cache sync 17 at Thu Jul 30 18:17:53 UTC 2026
Cache sync 18 at Thu Jul 30 18:17:53 UTC 2026
Cache sync 19 at Thu Jul 30 18:17:53 UTC 2026
Cache sync 20 at Thu Jul 30 18:17:53 UTC 2026
Cache sync 21 at Thu Jul 30 18:17:53 UTC 2026
Cache sync 22 at Thu Jul 30 18:17:53 UTC 2026
Cache sync 23 at Thu Jul 30 18:17:53 UTC 2026
Cache sync 24 at Thu Jul 30 18:17:53 UTC 2026
Cache sync 25 at Thu Jul 30 18:17:53 UTC 2026
Cache sync 26 at Thu Jul 30 18:17:53 UTC 2026
Cache sync 27 at Thu Jul 30 18:17:53 UTC 2026
Cache sync 28 at Thu Jul 30 18:17:53 UTC 2026
Cache sync 29 at Thu Jul 30 18:17:53 UTC 2026
Cache sync 30 at Thu Jul 30 18:17:53 UTC 2026
Cache sync 31 at Thu Jul 30 18:17:53 UTC 2026
Cache sync 32 at Thu Jul 30 18:17:53 UTC 2026
Cache sync 33 at Thu Jul 30 18:17:53 UTC 2026
Cache sync 34 at Thu Jul 30 18:17:53 UTC 2026
Cache sync 35 at Thu Jul 30 18:17:53 UTC 2026
Cache sync 36 at Thu Jul 30 18:17:53 UTC 2026
Cache sync 37 at Thu Jul 30 18:17:53 UTC 2026
Cache sync 38 at Thu Jul 30 18:17:53 UTC 2026
Cache sync 39 at Thu Jul 30 18:17:53 UTC 2026
Cache sync 40 at Thu Jul 30 18:17:53 UTC 2026
Cache sync 41 at Thu Jul 30 18:17:53 UTC 2026
Cache sync 42 at Thu Jul 30 18:17:53 UTC 2026
Cache sync 43 at Thu Jul 30 18:17:53 UTC 2026
Cache sync 44 at Thu Jul 30 18:17:53 UTC 2026
Cache sync 45 at Thu Jul 30 18:17:53 UTC 2026
Cache sync 46 at Thu Jul 30 18:17:53 UTC 2026
Cache sync 47 at Thu Jul 30 18:17:53 UTC 2026
Cache sync 48 at Thu Jul 30 18:17:53 UTC 2026
Cache sync 49 at Thu Jul 30 18:17:53 UTC 2026
Cache sync 1 at Fri Jul 31 18:21:54 UTC 2026
Cache sync 2 at Fri Jul 31 18:21:55 UTC 2026
Cache sync 3 at Fri Jul 31 18:21:55 UTC 2026
Cache sync 4 at Fri Jul 31 18:21:55 UTC 2026
Cache sync 5 at Fri Jul 31 18:21:55 UTC 2026
Cache sync 6 at Fri Jul 31 18:21:55 UTC 2026
Cache sync 7 at Fri Jul 31 18:21:55 UTC 2026
Cache sync 8 at Fri Jul 31 18:21:55 UTC 2026
Cache sync 9 at Fri Jul 31 18:21:55 UTC 2026
Cache sync 10 at Fri Jul 31 18:21:55 UTC 2026
Cache sync 11 at Fri Jul 31 18:21:55 UTC 2026
Cache sync 12 at Fri Jul 31 18:21:55 UTC 2026
Cache sync 13 at Fri Jul 31 18:21:55 UTC 2026
Cache sync 14 at Fri Jul 31 18:21:55 UTC 2026
Cache sync 15 at Fri Jul 31 18:21:55 UTC 2026
Cache sync 16 at Fri Jul 31 18:21:55 UTC 2026
Cache sync 17 at Fri Jul 31 18:21:55 UTC 2026
Cache sync 18 at Fri Jul 31 18:21:55 UTC 2026
Cache sync 19 at Fri Jul 31 18:21:55 UTC 2026
Cache sync 20 at Fri Jul 31 18:21:55 UTC 2026
Cache sync 21 at Fri Jul 31 18:21:55 UTC 2026
Cache sync 22 at Fri Jul 31 18:21:55 UTC 2026
Cache sync 23 at Fri Jul 31 18:21:55 UTC 2026
Cache sync 24 at Fri Jul 31 18:21:55 UTC 2026
Cache sync 25 at Fri Jul 31 18:21:55 UTC 2026
Cache sync 26 at Fri Jul 31 18:21:55 UTC 2026
Cache sync 27 at Fri Jul 31 18:21:55 UTC 2026
Cache sync 28 at Fri Jul 31 18:21:55 UTC 2026
Cache sync 29 at Fri Jul 31 18:21:55 UTC 2026
Cache sync 30 at Fri Jul 31 18:21:55 UTC 2026
Cache sync 31 at Fri Jul 31 18:21:55 UTC 2026
Cache sync 32 at Fri Jul 31 18:21:55 UTC 2026
Cache sync 33 at Fri Jul 31 18:21:55 UTC 2026
Cache sync 34 at Fri Jul 31 18:21:55 UTC 2026
Cache sync 35 at Fri Jul 31 18:21:55 UTC 2026
Cache sync 36 at Fri Jul 31 18:21:55 UTC 2026
Cache sync 37 at Fri Jul 31 18:21:55 UTC 2026
Cache sync 38 at Fri Jul 31 18:21:55 UTC 2026
Cache sync 39 at Fri Jul 31 18:21:55 UTC 2026
Cache sync 40 at Fri Jul 31 18:21:55 UTC 2026
Cache sync 41 at Fri Jul 31 18:21:55 UTC 2026
Cache sync 42 at Fri Jul 31 18:21:55 UTC 2026
Cache sync 43 at Fri Jul 31 18:21:55 UTC 2026
Cache sync 44 at Fri Jul 31 18:21:55 UTC 2026
Cache sync 45 at Fri Jul 31 18:21:55 UTC 2026
Cache sync 46 at Fri Jul 31 18:21:55 UTC 2026
Cache sync 47 at Fri Jul 31 18:21:55 UTC 2026
Cache sync 48 at Fri Jul 31 18:21:55 UTC 2026
Cache sync 49 at Fri Jul 31 18:21:55 UTC 2026
Cache sync 50 at Fri Jul 31 18:21:55 UTC 2026
Cache sync 51 at Fri Jul 31 18:21:55 UTC 2026
Cache sync 52 at Fri Jul 31 18:21:55 UTC 2026
Cache sync 53 at Fri Jul 31 18:21:55 UTC 2026
Cache sync 54 at Fri Jul 31 18:21:55 UTC 2026
Cache sync 55 at Fri Jul 31 18:21:55 UTC 2026
Cache sync 56 at Fri Jul 31 18:21:55 UTC 2026
Cache sync 57 at Fri Jul 31 18:21:55 UTC 2026
Cache sync 58 at Fri Jul 31 18:21:55 UTC 2026
Cache sync 59 at Fri Jul 31 18:21:55 UTC 2026
Cache sync 60 at Fri Jul 31 18:21:55 UTC 2026
Cache sync 61 at Fri Jul 31 18:21:55 UTC 2026
Cache sync 62 at Fri Jul 31 18:21:55 UTC 2026
Cache sync 63 at Fri Jul 31 18:21:55 UTC 2026
Cache sync 64 at Fri Jul 31 18:21:55 UTC 2026
Cache sync 65 at Fri Jul 31 18:21:55 UTC 2026
Cache sync 66 at Fri Jul 31 18:21:55 UTC 2026
Cache sync 67 at Fri Jul 31 18:21:55 UTC 2026
Cache sync 68 at Fri Jul 31 18:21:55 UTC 2026
Cache sync 69 at Fri Jul 31 18:21:55 UTC 2026
Cache sync 1 at Sat Aug  1 18:01:32 UTC 2026
Cache sync 2 at Sat Aug  1 18:01:32 UTC 2026
Cache sync 3 at Sat Aug  1 18:01:32 UTC 2026
Cache sync 4 at Sat Aug  1 18:01:32 UTC 2026
Cache sync 5 at Sat Aug  1 18:01:32 UTC 2026
Cache sync 6 at Sat Aug  1 18:01:32 UTC 2026
Cache sync 7 at Sat Aug  1 18:01:32 UTC 2026
Cache sync 8 at Sat Aug  1 18:01:32 UTC 2026
Cache sync 9 at Sat Aug  1 18:01:33 UTC 2026
Cache sync 10 at Sat Aug  1 18:01:33 UTC 2026
Cache sync 11 at Sat Aug  1 18:01:33 UTC 2026
Cache sync 12 at Sat Aug  1 18:01:33 UTC 2026
Cache sync 13 at Sat Aug  1 18:01:33 UTC 2026
Cache sync 14 at Sat Aug  1 18:01:33 UTC 2026
Cache sync 15 at Sat Aug  1 18:01:33 UTC 2026
Cache sync 16 at Sat Aug  1 18:01:33 UTC 2026
Cache sync 17 at Sat Aug  1 18:01:33 UTC 2026
Cache sync 18 at Sat Aug  1 18:01:33 UTC 2026
Cache sync 19 at Sat Aug  1 18:01:33 UTC 2026
Cache sync 20 at Sat Aug  1 18:01:33 UTC 2026
Cache sync 21 at Sat Aug  1 18:01:33 UTC 2026
Cache sync 22 at Sat Aug  1 18:01:34 UTC 2026
Cache sync 23 at Sat Aug  1 18:01:34 UTC 2026
Cache sync 24 at Sat Aug  1 18:01:34 UTC 2026
Cache sync 25 at Sat Aug  1 18:01:34 UTC 2026
Cache sync 26 at Sat Aug  1 18:01:34 UTC 2026
Cache sync 27 at Sat Aug  1 18:01:34 UTC 2026
Cache sync 28 at Sat Aug  1 18:01:34 UTC 2026
Cache sync 29 at Sat Aug  1 18:01:34 UTC 2026
Cache sync 30 at Sat Aug  1 18:01:34 UTC 2026
Cache sync 31 at Sat Aug  1 18:01:34 UTC 2026
Cache sync 32 at Sat Aug  1 18:01:34 UTC 2026
Cache sync 33 at Sat Aug  1 18:01:34 UTC 2026
Cache sync 34 at Sat Aug  1 18:01:34 UTC 2026
Cache sync 35 at Sat Aug  1 18:01:34 UTC 2026
Cache sync 36 at Sat Aug  1 18:01:34 UTC 2026
Cache sync 37 at Sat Aug  1 18:01:34 UTC 2026
Cache sync 38 at Sat Aug  1 18:01:34 UTC 2026
Cache sync 39 at Sat Aug  1 18:01:34 UTC 2026
Cache sync 40 at Sat Aug  1 18:01:34 UTC 2026
Cache sync 41 at Sat Aug  1 18:01:34 UTC 2026
Cache sync 42 at Sat Aug  1 18:01:34 UTC 2026
Cache sync 43 at Sat Aug  1 18:01:34 UTC 2026
Cache sync 44 at Sat Aug  1 18:01:34 UTC 2026
Cache sync 45 at Sat Aug  1 18:01:34 UTC 2026
Cache sync 46 at Sat Aug  1 18:01:34 UTC 2026
Cache sync 47 at Sat Aug  1 18:01:34 UTC 2026
Cache sync 48 at Sat Aug  1 18:01:34 UTC 2026
Cache sync 49 at Sat Aug  1 18:01:34 UTC 2026
Cache sync 50 at Sat Aug  1 18:01:35 UTC 2026
Cache sync 51 at Sat Aug  1 18:01:35 UTC 2026
Cache sync 52 at Sat Aug  1 18:01:35 UTC 2026
Cache sync 53 at Sat Aug  1 18:01:35 UTC 2026
Cache sync 54 at Sat Aug  1 18:01:35 UTC 2026
Cache sync 55 at Sat Aug  1 18:01:35 UTC 2026
Cache sync 56 at Sat Aug  1 18:01:35 UTC 2026
Cache sync 57 at Sat Aug  1 18:01:35 UTC 2026
Cache sync 1 at Sun Aug  2 18:01:19 UTC 2026
Cache sync 2 at Sun Aug  2 18:01:19 UTC 2026
Cache sync 3 at Sun Aug  2 18:01:19 UTC 2026
Cache sync 4 at Sun Aug  2 18:01:19 UTC 2026
Cache sync 5 at Sun Aug  2 18:01:19 UTC 2026
Cache sync 6 at Sun Aug  2 18:01:20 UTC 2026
Cache sync 7 at Sun Aug  2 18:01:20 UTC 2026
Cache sync 8 at Sun Aug  2 18:01:20 UTC 2026
Cache sync 9 at Sun Aug  2 18:01:20 UTC 2026
Cache sync 10 at Sun Aug  2 18:01:20 UTC 2026
Cache sync 11 at Sun Aug  2 18:01:20 UTC 2026
Cache sync 1 at Mon Aug  3 18:51:41 UTC 2026
Cache sync 2 at Mon Aug  3 18:51:42 UTC 2026
Cache sync 3 at Mon Aug  3 18:51:42 UTC 2026
Cache sync 4 at Mon Aug  3 18:51:42 UTC 2026
Cache sync 5 at Mon Aug  3 18:51:42 UTC 2026
Cache sync 6 at Mon Aug  3 18:51:42 UTC 2026
Cache sync 7 at Mon Aug  3 18:51:42 UTC 2026
Cache sync 8 at Mon Aug  3 18:51:42 UTC 2026
Cache sync 9 at Mon Aug  3 18:51:42 UTC 2026
Cache sync 10 at Mon Aug  3 18:51:42 UTC 2026
Cache sync 11 at Mon Aug  3 18:51:42 UTC 2026
Cache sync 12 at Mon Aug  3 18:51:42 UTC 2026
Cache sync 13 at Mon Aug  3 18:51:42 UTC 2026
Cache sync 14 at Mon Aug  3 18:51:42 UTC 2026
Cache sync 15 at Mon Aug  3 18:51:42 UTC 2026
